Ambito,Tratta,Competenza,Regione,Provincia,Comune,Strada,Postazioni
ANAS,10022,ANCONA,Marche,Ascoli Piceno,Maltignano,RA11,10022 - 10022D - 10022A
ANAS,10021,ANCONA,Marche,Ascoli Piceno,Monteprandone,RA11,10021 - 10021D - 10021A
ANAS,239,ANCONA,Marche,Pesaro e Urbino,Pesaro,SS16,239
ANAS,240,ANCONA,Marche,Pesaro e Urbino,Pesaro,SS16,240
ANAS,241,ANCONA,Marche,Pesaro e Urbino,Fano,SS16,241
ANAS,411009,ANCONA,Marche,Ancona,Falconara Marittima,SS16,411009
ANAS,1867,ANCONA,Marche,Ancona,Ancona,SS16,1867
ANAS,243,ANCONA,Marche,Ancona,Ancona,SS16,243
ANAS,411010,ANCONA,Marche,Ancona,Castelfidardo,SS16,411010
ANAS,244,ANCONA,Marche,Ancona,Loreto,SS16,244
ANAS,246,ANCONA,Marche,Fermo,Fermo,SS16,246
ANAS,247,ANCONA,Marche,Ascoli Piceno,Cupra Marittima,SS16,247
ANAS,411020,ANCONA,Marche,Fermo,Servigliano,SS210,411020
ANAS,411015,ANCONA,Marche,Macerata,Camerino,SS256,411015
ANAS,411016,ANCONA,Marche,Macerata,Matelica,SS256,411016
ANAS,411005,ANCONA,Marche,Pesaro e Urbino,Cagli,SS3,411005
ANAS,411004,ANCONA,Marche,Pesaro e Urbino,Acqualagna,SS3,411004
ANAS,411007,ANCONA,Marche,Ancona,Senigallia,SS360,411007
ANAS,411017,ANCONA,Marche,Macerata,San Severino Marche,SS361,411017
ANAS,411018,ANCONA,Marche,Macerata,Fiuminata,SS361,411018
ANAS,411025,ANCONA,Marche,Ancona,Jesi,SS362,411025
ANAS,10023,ANCONA,Marche,Ascoli Piceno,Acquasanta Terme,SS4,10023
ANAS,2314,ANCONA,Marche,Ascoli Piceno,Ascoli Piceno,SS4,2314
ANAS,411002,ANCONA,Marche,Pesaro e Urbino,Vallefoglia,SS423,411002
ANAS,411008,ANCONA,Marche,Pesaro e Urbino,Mondolfo,SS424,411008
ANAS,411006,ANCONA,Marche,Pesaro e Urbino,Cagli,SS424,411006
ANAS,411022,ANCONA,Marche,Fermo,Campofilone,SS433,411022
ANAS,411021,ANCONA,Marche,Macerata,Recanati,SS571,411021
ANAS,578,ANCONA,Marche,Pesaro e Urbino,Borgo Pace,SS73BIS,578
ANAS,10058,ANCONA,Marche,Pesaro e Urbino,Sant'Angelo in Vado,SS73BIS,10058
ANAS,579,ANCONA,Marche,Pesaro e Urbino,Urbino,SS73BIS,579
ANAS,1866,ANCONA,Marche,Pesaro e Urbino,Colli al Metauro,SS73BIS,1866 - 1866D - 1866A
ANAS,411024,ANCONA,Marche,Pesaro e Urbino,Urbino,SS744,411024
ANAS,411003,ANCONA,Marche,Pesaro e Urbino,Fermignano,SS745,411003
ANAS,411001,ANCONA,Marche,Pesaro e Urbino,Pesaro,SS746,411001
ANAS,589,ANCONA,Marche,Ancona,Fabriano,SS76,589
ANAS,10026,ANCONA,Marche,Ancona,Fabriano,SS76,10026
ANAS,10025,ANCONA,Marche,Ancona,Genga,SS76,10025 - 10025A - 10025D
ANAS,590,ANCONA,Marche,Ancona,Monte Roberto,SS76,590
ANAS,611590,ANCONA,Marche,Ancona,Jesi,SS76,611590A - 611590D
ANAS,10024,ANCONA,Marche,Ancona,Chiaravalle,SS76,10024 - 10024A
ANAS,411014,ANCONA,Marche,Macerata,Serrapetrona,SS77,411014
ANAS,603,ANCONA,Marche,Macerata,Belforte del Chienti,SS77,603 - 603D - 603A
ANAS,602,ANCONA,Marche,Macerata,Corridonia,SS77,602 - 602A - 602D
ANAS,3440,ANCONA,Marche,Macerata,Corridonia,SS77,3440 - 3440D - 3440A
ANAS,3441,ANCONA,Marche,Macerata,Civitanova Marche,SS77,3441
ANAS,411012,ANCONA,Marche,Macerata,Macerata,SS77DIR,411012
ANAS,411011,ANCONA,Marche,Macerata,Recanati,SS77DIR,411011
ANAS,411019,ANCONA,Marche,Macerata,Serravalle di Chienti,SS77VAR,411019
ANAS,411013,ANCONA,Marche,Macerata,Urbisaglia,SS78,411013
ANAS,411023,ANCONA,Marche,Ascoli Piceno,Roccafluvione,SS78,411023
ANAS,369,AOSTA,Valle d'Aosta,Aosta,Montjovet,SS26,369
ANAS,2276,AOSTA,Valle d'Aosta,Aosta,Nus,SS26,2276
ANAS,371,AOSTA,Valle d'Aosta,Aosta,La Salle,SS26,371
ANAS,372,AOSTA,Valle d'Aosta,Aosta,La Thuile,SS26,372
ANAS,10072,AOSTA,Valle d'Aosta,Aosta,Courmayeur,SS26DIR,10072
ANAS,374,AOSTA,Valle d'Aosta,Aosta,Gignod,SS27,374
ANAS,375,AOSTA,Valle d'Aosta,Aosta,Etroubles,SS27,375
ANAS,190032,AUTOSTRADE SICILIA,Sicilia,Palermo,Ficarazzi,A19,190032
ANAS,1859,AUTOSTRADE SICILIA,Sicilia,Palermo,Bagheria,A19,1859
ANAS,19079,AUTOSTRADE SICILIA,Sicilia,Palermo,Altavilla Milicia,A19,19079D - 19079A
ANAS,1860,AUTOSTRADE SICILIA,Sicilia,Palermo,Termini Imerese,A19,1860
ANAS,1861,AUTOSTRADE SICILIA,Sicilia,Palermo,Caltavuturo,A19,1861
ANAS,1862,AUTOSTRADE SICILIA,Sicilia,Palermo,Polizzi Generosa,A19,1862
ANAS,19083,AUTOSTRADE SICILIA,Sicilia,Caltanissetta,Resuttano,A19,19083A - 19083D
ANAS,10062,AUTOSTRADE SICILIA,Sicilia,Palermo,Alimena,A19,10062
ANAS,19070,AUTOSTRADE SICILIA,Sicilia,Enna,Enna,A19,19070A - 19070D
ANAS,1864,AUTOSTRADE SICILIA,Sicilia,Enna,Enna,A19,1864
ANAS,1865,AUTOSTRADE SICILIA,Sicilia,Catania,Misterbianco,A19,1865
ANAS,19041,AUTOSTRADE SICILIA,Sicilia,Palermo,Palermo,A19DIR,19041A - 19041D
ANAS,3226,AUTOSTRADE SICILIA,Sicilia,Palermo,Carini,A29,3226
ANAS,1855,AUTOSTRADE SICILIA,Sicilia,Palermo,Carini,A29,1855
ANAS,19016,AUTOSTRADE SICILIA,Sicilia,Palermo,Cinisi,A29,19016
ANAS,19080,AUTOSTRADE SICILIA,Sicilia,Palermo,Cinisi,A29,19080A - 19080D
ANAS,19009,AUTOSTRADE SICILIA,Sicilia,Palermo,Partinico,A29,19009A - 19009D
ANAS,19011,AUTOSTRADE SICILIA,Sicilia,Palermo,Partinico,A29,19011A - 19011D
ANAS,2001,AUTOSTRADE SICILIA,Sicilia,Trapani,Alcamo,A29,2001
ANAS,19014,AUTOSTRADE SICILIA,Sicilia,Trapani,Alcamo,A29,19014A - 19014D
ANAS,10063,AUTOSTRADE SICILIA,Sicilia,Trapani,Calatafimi-Segesta,A29,10063
ANAS,19024,AUTOSTRADE SICILIA,Sicilia,Trapani,Gibellina,A29,19024D - 19024A
ANAS,19025,AUTOSTRADE SICILIA,Sicilia,Trapani,Santa Ninfa,A29,19025A - 19025D
ANAS,19029,AUTOSTRADE SICILIA,Sicilia,Trapani,Castelvetrano,A29,19029A - 19029D
ANAS,2002,AUTOSTRADE SICILIA,Sicilia,Trapani,Castelvetrano,A29,2002
ANAS,10066,AUTOSTRADE SICILIA,Sicilia,Trapani,Mazara del Vallo,A29,10066
ANAS,2007,AUTOSTRADE SICILIA,Sicilia,Trapani,Calatafimi-Segesta,A29DIR,2007
ANAS,900000,AUTOSTRADE SICILIA,Sicilia,Trapani,Calatafimi-Segesta,A29DIR,900000
ANAS,19015,AUTOSTRADE SICILIA,Sicilia,Trapani,Calatafimi-Segesta,A29DIR,19015A - 19015D
ANAS,2004,AUTOSTRADE SICILIA,Sicilia,Trapani,Trapani,A29DIR,2004
ANAS,900021,AUTOSTRADE SICILIA,Sicilia,Trapani,Paceco,A29DIR,900021
ANAS,19001,AUTOSTRADE SICILIA,Sicilia,Trapani,Trapani,A29DIR,19001
ANAS,19018,AUTOSTRADE SICILIA,Sicilia,Trapani,Paceco,A29DIR-A,19018A - 19018D
ANAS,19019,AUTOSTRADE SICILIA,Sicilia,Trapani,Misiliscemi,A29DIR-A,19019A - 19019D
ANAS,10050,AUTOSTRADE SICILIA,Sicilia,Palermo,Cinisi,A29RACC,10050
ANAS,19003,AUTOSTRADE SICILIA,Sicilia,Palermo,Palermo,A29RACC-BIS,19003
ANAS,19012,AUTOSTRADE SICILIA,Sicilia,Trapani,Alcamo,SS731,19012
ANAS,16022,BARI,Puglia,Bari,Capurso,SS100,16022A - 16022D
ANAS,16021,BARI,Puglia,Bari,Casamassima,SS100,16021D - 16021A
ANAS,704,BARI,Puglia,Bari,Sammichele di Bari,SS100,704
ANAS,16017,BARI,Puglia,Taranto,Mottola,SS100,16017A - 16017D
ANAS,707,BARI,Puglia,Lecce,Lequile,SS101,707
ANAS,708,BARI,Puglia,Lecce,Galatone,SS101,708
ANAS,735,BARI,Puglia,Taranto,Castellaneta,SS106,735
ANAS,16015,BARI,Puglia,Taranto,Massafra,SS106,16015A - 16015D
ANAS,160462,BARI,Puglia,Taranto,Taranto,SS106,160462
ANAS,16035,BARI,Puglia,Foggia,Chieuti,SS16,16035
ANAS,261,BARI,Puglia,Foggia,Apricena,SS16,261
ANAS,16036,BARI,Puglia,Foggia,Foggia,SS16,16036
ANAS,265,BARI,Puglia,Foggia,Cerignola,SS16,265
ANAS,266,BARI,Puglia,Barletta-Andria-Trani,Trinitapoli,SS16,266
ANAS,16031,BARI,Puglia,Barletta-Andria-Trani,Barletta,SS16,16031A - 16031D
ANAS,16030,BARI,Puglia,Barletta-Andria-Trani,Barletta,SS16,16030D - 16030A
ANAS,16029,BARI,Puglia,Barletta-Andria-Trani,Barletta,SS16,16029A - 16029D
ANAS,16027,BARI,Puglia,Bari,Molfetta,SS16,16027A - 16027D
ANAS,16026,BARI,Puglia,Bari,Bari,SS16,16026A - 16026D
ANAS,160472,BARI,Puglia,Bari,Bari,SS16,160472
ANAS,160471,BARI,Puglia,Bari,Bari,SS16,160471
ANAS,16024,BARI,Puglia,Bari,Bari,SS16,16024D - 16024A
ANAS,16023,BARI,Puglia,Bari,Bari,SS16,16023D - 16023A
ANAS,994,BARI,Puglia,Bari,Bari,SS16,994
ANAS,272,BARI,Puglia,Bari,Monopoli,SS16,272
ANAS,274,BARI,Puglia,Brindisi,Brindisi,SS16,274
ANAS,160452,BARI,Puglia,Brindisi,Brindisi,SS16,160452
ANAS,16007,BARI,Puglia,Lecce,Lecce,SS16,16007A - 16007D
ANAS,276,BARI,Puglia,Lecce,Cavallino,SS16,276
ANAS,277,BARI,Puglia,Lecce,Melpignano,SS16,277
ANAS,16034,BARI,Puglia,Foggia,San Marco la Catola,SS17,16034
ANAS,3055,BARI,Puglia,Foggia,Lucera,SS17,3055
ANAS,283,BARI,Puglia,Foggia,Lucera,SS17,283
ANAS,16032,BARI,Puglia,Barletta-Andria-Trani,Andria,SS170DIR-A,16032
ANAS,995,BARI,Puglia,Barletta-Andria-Trani,Barletta,SS170DIR-A,995
ANAS,999,BARI,Puglia,Bari,Turi,SS172,999
ANAS,16005,BARI,Puglia,Bari,Castellana Grotte,SS172,16005
ANAS,1000,BARI,Puglia,Taranto,Martina Franca,SS172,1000
ANAS,16019,BARI,Puglia,Bari,Locorotondo,SS172,16019
ANAS,16013,BARI,Puglia,Taranto,Taranto,SS172,16013A - 16013D
ANAS,1003,BARI,Puglia,Brindisi,Fasano,SS172DIR,1003
ANAS,3447,BARI,Puglia,Foggia,Volturara Appula,SS17VAR,3447
ANAS,1254,BARI,Puglia,Foggia,San Severo,SS272,1254
ANAS,1256,BARI,Puglia,Foggia,San Giovanni Rotondo,SS272,1256
ANAS,3075,BARI,Puglia,Foggia,Monte Sant'Angelo,SS272,3075
ANAS,1259,BARI,Puglia,Lecce,Taviano,SS274,1259
ANAS,3208,BARI,Puglia,Lecce,Morciano di Leuca,SS274,3208
ANAS,16003,BARI,Puglia,Lecce,Scorrano,SS275,16003D - 16003A
ANAS,3100,BARI,Puglia,Lecce,Surano,SS275,3100
ANAS,16002,BARI,Puglia,Lecce,Gagliano del Capo,SS275,16002
ANAS,16001,BARI,Puglia,Lecce,Castrignano del Capo,SS275,16001
ANAS,16020,BARI,Puglia,Brindisi,Fasano,SS379,16020A - 16020D
ANAS,3205,BARI,Puglia,Brindisi,Brindisi,SS379,3205
ANAS,160451,BARI,Puglia,Brindisi,Brindisi,SS613,160451
ANAS,3207,BARI,Puglia,Lecce,Squinzano,SS613,3207
ANAS,3454,BARI,Puglia,Foggia,Foggia,SS655,3454
ANAS,657,BARI,Puglia,Foggia,Candela,SS655,657
ANAS,16037,BARI,Puglia,Foggia,Foggia,SS673,16037
ANAS,16038,BARI,Puglia,Foggia,Foggia,SS673,16038D - 16038A
ANAS,264,BARI,Puglia,Foggia,Foggia,SS673,264
ANAS,3448,BARI,Puglia,Foggia,Mattinata,SS688,3448
ANAS,10070,BARI,Puglia,Foggia,Lesina,SS693,10070
ANAS,16039,BARI,Puglia,Foggia,San Nicandro Garganico,SS693,16039
ANAS,16041,BARI,Puglia,Foggia,Cagnano Varano,SS693,16041
ANAS,16042,BARI,Puglia,Foggia,Ischitella,SS693,16042
ANAS,125,BARI,Puglia,Lecce,Lecce,SS694,125
ANAS,16008,BARI,Puglia,Lecce,Lecce,SS694,16008A - 16008D
ANAS,16006,BARI,Puglia,Lecce,Cavallino,SS694,16006A - 16006D
ANAS,16004,BARI,Puglia,Lecce,Otranto,SS695,16004
ANAS,1255,BARI,Puglia,Taranto,Laterza,SS7,1255
ANAS,16018,BARI,Puglia,Taranto,Palagiano,SS7,16018
ANAS,16016,BARI,Puglia,Taranto,Massafra,SS7,16016
ANAS,16014,BARI,Puglia,Taranto,Taranto,SS7,16014
ANAS,16012,BARI,Puglia,Taranto,Taranto,SS7,16012A - 16012D
ANAS,16010,BARI,Puglia,Brindisi,Francavilla Fontana,SS7,16010D - 16010A
ANAS,16009,BARI,Puglia,Brindisi,Latiano,SS7,16009A - 16009D
ANAS,16011,BARI,Puglia,Taranto,Taranto,SS7TER,16011
ANAS,136,BARI,Puglia,Brindisi,San Pancrazio Salentino,SS7TER,136
ANAS,655,BARI,Puglia,Foggia,Apricena,SS89,655
ANAS,16040,BARI,Puglia,Foggia,San Nicandro Garganico,SS89,16040
ANAS,656,BARI,Puglia,Foggia,Ischitella,SS89,656
ANAS,292,BARI,Puglia,Foggia,Peschici,SS89,292
ANAS,16043,BARI,Puglia,Foggia,Vieste,SS89,16043
ANAS,658,BARI,Puglia,Foggia,Monte Sant'Angelo,SS89,658
ANAS,3445,BARI,Puglia,Foggia,Manfredonia,SS89,3445
ANAS,659,BARI,Puglia,Foggia,Foggia,SS89,659
ANAS,662,BARI,Puglia,Foggia,Monte Sant'Angelo,SS89DIR-B,662
ANAS,16033,BARI,Puglia,Foggia,Bovino,SS90,16033
ANAS,666,BARI,Puglia,Foggia,Foggia,SS90,666
ANAS,679,BARI,Puglia,Barletta-Andria-Trani,Barletta,SS93,679
ANAS,680,BARI,Puglia,Barletta-Andria-Trani,Canosa di Puglia,SS93,680
ANAS,689,BARI,Puglia,Bari,Gravina in Puglia,SS96,689
ANAS,16028,BARI,Puglia,Bari,Altamura,SS96,16028
ANAS,690,BARI,Puglia,Bari,Altamura,SS96,690
ANAS,16025,BARI,Puglia,Bari,Bari,SS96,16025D - 16025A
ANAS,1001,BARI,Puglia,Bari,Altamura,SS99,1001
ANAS-MTS,50050,BOLOGNA,Emilia-Romagna,Bologna,San Lazzaro di Savena,NSA313,50050
ANAS,1828,BOLOGNA,Emilia-Romagna,Ferrara,Voghiera,RA8,1828
ANAS,3347,BOLOGNA,Emilia-Romagna,Ferrara,Comacchio,RA8,3347
ANAS-MTS,50009,BOLOGNA,Emilia-Romagna,Modena,Fiumalbo,SS12,50009
ANAS-MTS,50010,BOLOGNA,Emilia-Romagna,Modena,Pavullo nel Frignano,SS12,50010
ANAS-MTS,50011,BOLOGNA,Emilia-Romagna,Modena,Maranello,SS12,50011
ANAS-MTS,50012,BOLOGNA,Emilia-Romagna,Modena,Modena,SS12,50012
ANAS-MTS,50013,BOLOGNA,Emilia-Romagna,Modena,Modena,SS12,50013
ANAS-MTS,50015,BOLOGNA,Emilia-Romagna,Modena,Mirandola,SS12,50015
ANAS-MTS,50014,BOLOGNA,Emilia-Romagna,Modena,Medolla,SS12VAR-A,50014
ANAS,508059,BOLOGNA,Emilia-Romagna,Modena,Mirandola,SS12VAR-A,508059
ANAS,508038,BOLOGNA,Emilia-Romagna,Ferrara,Ferrara,SS16,508038
ANAS-MTS,50016,BOLOGNA,Emilia-Romagna,Ferrara,Argenta,SS16,50016
ANAS,508034,BOLOGNA,Emilia-Romagna,Ravenna,Ravenna,SS16,508034
ANAS-MTS,50017,BOLOGNA,Emilia-Romagna,Forli'-Cesena,Cesenatico,SS16,50017
ANAS-MTS,50018,BOLOGNA,Emilia-Romagna,Rimini,Bellaria-Igea Marina,SS16,50018
ANAS-MTS,50019,BOLOGNA,Emilia-Romagna,Rimini,Rimini,SS16,50019
ANAS-MTS,50020,BOLOGNA,Emilia-Romagna,Rimini,Rimini,SS16,50020
ANAS-MTS,50021,BOLOGNA,Emilia-Romagna,Rimini,Riccione,SS16,50021
ANAS-MTS,50022,BOLOGNA,Emilia-Romagna,Rimini,Cattolica,SS16,50022
ANAS,508037,BOLOGNA,Emilia-Romagna,Ravenna,Alfonsine,SS16VAR,508037
ANAS-MTS,50023,BOLOGNA,Emilia-Romagna,Ferrara,Comacchio,SS309,50023
ANAS-MTS,50024,BOLOGNA,Emilia-Romagna,Ferrara,Comacchio,SS309,50024
ANAS-MTS,50025,BOLOGNA,Emilia-Romagna,Ravenna,Ravenna,SS309DIR,50025
ANAS-MTS,50026,BOLOGNA,Emilia-Romagna,Forli'-Cesena,Verghereto,SS3BIS,50026
ANAS-MTS,50027,BOLOGNA,Emilia-Romagna,Forli'-Cesena,Sarsina,SS3BIS,50027
ANAS-MTS,50028,BOLOGNA,Emilia-Romagna,Forli'-Cesena,Mercato Saraceno,SS3BIS,50028
ANAS-MTS,50029,BOLOGNA,Emilia-Romagna,Forli'-Cesena,Cesena,SS3BIS,50029
ANAS,508033,BOLOGNA,Emilia-Romagna,Ravenna,Ravenna,SS3BIS,508033A - 508033D
ANAS-MTS,50030,BOLOGNA,Emilia-Romagna,Piacenza,Ottone,SS45,50030
ANAS-MTS,50031,BOLOGNA,Emilia-Romagna,Piacenza,Travo,SS45,50031
ANAS-MTS,50032,BOLOGNA,Emilia-Romagna,Piacenza,Gossolengo,SS45,50032
ANAS-MTS,50033,BOLOGNA,Emilia-Romagna,Parma,Collecchio,SS62,50033
ANAS-MTS,50034,BOLOGNA,Emilia-Romagna,Parma,Collecchio,SS62,50034
ANAS-MTS,50035,BOLOGNA,Emilia-Romagna,Reggio nell'Emilia,Ventasso,SS63,50035
ANAS-MTS,50036,BOLOGNA,Emilia-Romagna,Reggio nell'Emilia,Carpineti,SS63,50036
ANAS-MTS,50037,BOLOGNA,Emilia-Romagna,Reggio nell'Emilia,Vezzano sul Crostolo,SS63,50037
ANAS-MTS,50038,BOLOGNA,Emilia-Romagna,Reggio nell'Emilia,Reggio nell'Emilia,SS63,50038
ANAS-MTS,50039,BOLOGNA,Emilia-Romagna,Bologna,Alto Reno Terme,SS64,50039
ANAS-MTS,50040,BOLOGNA,Emilia-Romagna,Bologna,Vergato,SS64,50040
ANAS-MTS,50041,BOLOGNA,Emilia-Romagna,Bologna,Marzabotto,SS64,50041
ANAS-MTS,50042,BOLOGNA,Emilia-Romagna,Bologna,Sasso Marconi,SS64,50042
ANAS-MTS,50043,BOLOGNA,Emilia-Romagna,Bologna,Granarolo dell'Emilia,SS64,50043
ANAS-MTS,50044,BOLOGNA,Emilia-Romagna,Bologna,Malalbergo,SS64,50044
ANAS,508057,BOLOGNA,Emilia-Romagna,Bologna,Sasso Marconi,SS64VAR,508057
ANAS-MTS,50045,BOLOGNA,Emilia-Romagna,Forli'-Cesena,Portico e San Benedetto,SS67,50045
ANAS-MTS,50046,BOLOGNA,Emilia-Romagna,Forli'-Cesena,Dovadola,SS67,50046
ANAS-MTS,50047,BOLOGNA,Emilia-Romagna,Forli'-Cesena,Forlì,SS67,50047
ANAS,508035,BOLOGNA,Emilia-Romagna,Ravenna,Ravenna,SS67,508035
ANAS,3355,BOLOGNA,Emilia-Romagna,Ravenna,Ravenna,SS67,3355 - 3355A - 3355D
ANAS-MTS,50048,BOLOGNA,Emilia-Romagna,Rimini,Rimini,SS72,50048
ANAS-MTS,50049,BOLOGNA,Emilia-Romagna,Rimini,Coriano,SS72,50049
ANAS-MTS,50002,BOLOGNA,Emilia-Romagna,Reggio nell'Emilia,Reggio nell'Emilia,SS722,50002
ANAS,508042,BOLOGNA,Emilia-Romagna,Ferrara,Ferrara,SS723,508042
ANAS-MTS,50005,BOLOGNA,Emilia-Romagna,Modena,Modena,SS724,50005
ANAS,508060,BOLOGNA,Emilia-Romagna,Modena,Fiorano Modenese,SS724,508060A - 508060D
ANAS-MTS,50007,BOLOGNA,Emilia-Romagna,Modena,Modena,SS724DIR,50007 - 50008
ANAS-MTS,50006,BOLOGNA,Emilia-Romagna,Piacenza,Piacenza,SS725,50006
ANAS-MTS,50003,BOLOGNA,Emilia-Romagna,Forli'-Cesena,Cesena,SS726,50003
ANAS-MTS,50004,BOLOGNA,Emilia-Romagna,Forli'-Cesena,Forlì,SS727,50004
ANAS-MTS,50051,BOLOGNA,Emilia-Romagna,Rimini,Rimini,SS9,50051
ANAS-MTS,50062,BOLOGNA,Emilia-Romagna,Forli'-Cesena,Savignano sul Rubicone,SS9,50062
ANAS-MTS,50066,BOLOGNA,Emilia-Romagna,Forli'-Cesena,Cesena,SS9,50066
ANAS-MTS,50067,BOLOGNA,Emilia-Romagna,Forli'-Cesena,Bertinoro,SS9,50067
ANAS-MTS,50068,BOLOGNA,Emilia-Romagna,Forli'-Cesena,Forlì,SS9,50068
ANAS-MTS,50069,BOLOGNA,Emilia-Romagna,Forli'-Cesena,Forlì,SS9,50069
ANAS-MTS,50070,BOLOGNA,Emilia-Romagna,Ravenna,Faenza,SS9,50070
ANAS-MTS,50071,BOLOGNA,Emilia-Romagna,Ravenna,Castel Bolognese,SS9,50071
ANAS-MTS,50072,BOLOGNA,Emilia-Romagna,Bologna,Castel San Pietro Terme,SS9,50072
ANAS-MTS,50052,BOLOGNA,Emilia-Romagna,Bologna,Castel San Pietro Terme,SS9,50052
ANAS-MTS,50053,BOLOGNA,Emilia-Romagna,Bologna,San Lazzaro di Savena,SS9,50053
ANAS-MTS,50054,BOLOGNA,Emilia-Romagna,Bologna,Anzola dell'Emilia,SS9,50054
ANAS-MTS,50055,BOLOGNA,Emilia-Romagna,Modena,Castelfranco Emilia,SS9,50055
ANAS-MTS,50056,BOLOGNA,Emilia-Romagna,Modena,Modena,SS9,50056
ANAS-MTS,50057,BOLOGNA,Emilia-Romagna,Modena,Modena,SS9,50057
ANAS-MTS,50058,BOLOGNA,Emilia-Romagna,Reggio nell'Emilia,Reggio nell'Emilia,SS9,50058
ANAS-MTS,50059,BOLOGNA,Emilia-Romagna,Reggio nell'Emilia,Reggio nell'Emilia,SS9,50059
ANAS-MTS,50060,BOLOGNA,Emilia-Romagna,Parma,Parma,SS9,50060
ANAS-MTS,50061,BOLOGNA,Emilia-Romagna,Parma,Fontanellato,SS9,50061
ANAS-MTS,50063,BOLOGNA,Emilia-Romagna,Piacenza,Alseno,SS9,50063
ANAS-MTS,50064,BOLOGNA,Emilia-Romagna,Piacenza,Cadeo,SS9,50064
ANAS-MTS,50065,BOLOGNA,Emilia-Romagna,Piacenza,Piacenza,SS9,50065
ANAS-MTS,50091,BOLOGNA,Emilia-Romagna,Parma,Parma,SS9VAR,50091
ANAS-MTS,50001,BOLOGNA,Emilia-Romagna,Parma,Parma,SS9VAR,50001
ANAS,508040,BOLOGNA,Emilia-Romagna,Parma,Parma,SS9VAR-A,508040A - 508040D
ANAS,863,CAGLIARI,Sardegna,Sud Sardegna,Villaputzu,SS125,863 - 863_BIS
ANAS,864,CAGLIARI,Sardegna,Nuoro,Girasole,SS125,864
ANAS,865,CAGLIARI,Sardegna,Nuoro,Orosei,SS125,865
ANAS,870,CAGLIARI,Sardegna,Nuoro,Tortolì,SS125DIR,870
ANAS,320007,CAGLIARI,Sardegna,Cagliari,Quartu Sant'Elena,SS125VAR,320007
ANAS,320008,CAGLIARI,Sardegna,Sud Sardegna,Castiadas,SS125VAR,320008
ANAS,320006,CAGLIARI,Sardegna,Sud Sardegna,San Vito,SS125VAR,320006
ANAS,320005,CAGLIARI,Sardegna,Nuoro,Bari Sardo,SS125VAR,320005
ANAS,871,CAGLIARI,Sardegna,Sud Sardegna,Sant'Antioco,SS126,871
ANAS,873,CAGLIARI,Sardegna,Sud Sardegna,Iglesias,SS126,873
ANAS,874,CAGLIARI,Sardegna,Sud Sardegna,Arbus,SS126,874
ANAS,900004,CAGLIARI,Sardegna,Sud Sardegna,Guspini,SS126,900004
ANAS,875,CAGLIARI,Sardegna,Oristano,Marrubiu,SS126,875
ANAS,885,CAGLIARI,Sardegna,Sud Sardegna,Monastir,SS128,885
ANAS,886,CAGLIARI,Sardegna,Sud Sardegna,Isili,SS128,886
ANAS,887,CAGLIARI,Sardegna,Oristano,Laconi,SS128,887
ANAS,888,CAGLIARI,Sardegna,Nuoro,Sorgono,SS128,888
ANAS,889,CAGLIARI,Sardegna,Nuoro,Sarule,SS128,889
ANAS,892,CAGLIARI,Sardegna,Nuoro,Onifai,SS129,892
ANAS,893,CAGLIARI,Sardegna,Nuoro,Oliena,SS129,893
ANAS,895,CAGLIARI,Sardegna,Nuoro,Orotelli,SS129,895
ANAS,896,CAGLIARI,Sardegna,Nuoro,Bortigali,SS129,896
ANAS,897,CAGLIARI,Sardegna,Nuoro,Macomer,SS129BIS,897
ANAS,898,CAGLIARI,Sardegna,Oristano,Bosa,SS129BIS,898
ANAS,900005,CAGLIARI,Sardegna,Cagliari,Elmas,SS130,900005 - 900005D - 900005A
ANAS,900,CAGLIARI,Sardegna,Sud Sardegna,Siliqua,SS130,900 - 900A - 900D
ANAS,901,CAGLIARI,Sardegna,Sud Sardegna,Siliqua,SS130,901 - 901D - 901A
ANAS,900006,CAGLIARI,Sardegna,Sud Sardegna,Iglesias,SS130,900006 - 900006A - 900006D
ANAS,905,CAGLIARI,Sardegna,Sud Sardegna,Monastir,SS131,905 - 905A - 905D
ANAS,906,CAGLIARI,Sardegna,Sud Sardegna,Monastir,SS131,906 - 906D - 906A
ANAS,3517,CAGLIARI,Sardegna,Sud Sardegna,Sanluri,SS131,3517 - 3517A - 3517D
ANAS,10064,CAGLIARI,Sardegna,Sud Sardegna,Sanluri,SS131,10064 - 10064A - 10064D
ANAS,907,CAGLIARI,Sardegna,Oristano,Marrubiu,SS131,907 - 907A - 907D
ANAS,908,CAGLIARI,Sardegna,Oristano,Siamaggiore,SS131,908 - 908A - 908D
ANAS,909,CAGLIARI,Sardegna,Oristano,Bauladu,SS131,909 - 909D - 909A
ANAS,910,CAGLIARI,Sardegna,Oristano,Aidomaggiore,SS131,910 - 910D - 910A
ANAS,915,CAGLIARI,Sardegna,Cagliari,Cagliari,SS131DIR,915
ANAS,3539,CAGLIARI,Sardegna,Oristano,Soddì,SS131DIR-CENTR,3539 - 3539A - 3539D
ANAS,320004,CAGLIARI,Sardegna,Nuoro,Ottana,SS131DIR-CENTR,320004A - 320004D
ANAS,320003,CAGLIARI,Sardegna,Nuoro,Orani,SS131DIR-CENTR,320003A - 320003D
ANAS,1060,CAGLIARI,Sardegna,Cagliari,Cagliari,SS195,1060 - 1060_BIS
ANAS,900007,CAGLIARI,Sardegna,Cagliari,Capoterra,SS195,900007
ANAS,1061,CAGLIARI,Sardegna,Sud Sardegna,Teulada,SS195,1061
ANAS,1062,CAGLIARI,Sardegna,Sud Sardegna,Giba,SS195,1062
ANAS,899,CAGLIARI,Sardegna,Cagliari,Cagliari,SS195RACC,899
ANAS,10068,CAGLIARI,Sardegna,Sud Sardegna,Villacidro,SS196,10068
ANAS,1065,CAGLIARI,Sardegna,Sud Sardegna,Samassi,SS196DIR,1065
ANAS,1066,CAGLIARI,Sardegna,Sud Sardegna,Guspini,SS197,1066
ANAS,1067,CAGLIARI,Sardegna,Sud Sardegna,Sanluri,SS197,1067
ANAS,1068,CAGLIARI,Sardegna,Sud Sardegna,Furtei,SS197,1068
ANAS,1069,CAGLIARI,Sardegna,Sud Sardegna,Gesturi,SS197,1069
ANAS,1070,CAGLIARI,Sardegna,Sud Sardegna,Villanova Tulo,SS198,1070
ANAS,1071,CAGLIARI,Sardegna,Nuoro,Lanusei,SS198,1071
ANAS,1072,CAGLIARI,Sardegna,Nuoro,Arzana,SS198,1072
ANAS,1296,CAGLIARI,Sardegna,Oristano,Sennariolo,SS292,1296
ANAS,1297,CAGLIARI,Sardegna,Oristano,Riola Sardo,SS292,1297
ANAS,1299,CAGLIARI,Sardegna,Sud Sardegna,Samassi,SS293,1299
ANAS,1300,CAGLIARI,Sardegna,Sud Sardegna,Siliqua,SS293,1300
ANAS,1301,CAGLIARI,Sardegna,Sud Sardegna,Villaperuccio,SS293,1301
ANAS,1303,CAGLIARI,Sardegna,Nuoro,Tonara,SS295,1303
ANAS,1488,CAGLIARI,Sardegna,Cagliari,Selargius,SS387,1488
ANAS,1489,CAGLIARI,Sardegna,Sud Sardegna,Sant'Andrea Frius,SS387,1489
ANAS,10067,CAGLIARI,Sardegna,Oristano,Fordongianus,SS388,10067
ANAS,3522,CAGLIARI,Sardegna,Sassari,Monti,SS389,3522
ANAS,1495,CAGLIARI,Sardegna,Nuoro,Arzana,SS389,1495
ANAS,1497,CAGLIARI,Sardegna,Nuoro,Fonni,SS389DIR-B,1497
ANAS,900009,CAGLIARI,Sardegna,Nuoro,Orgosolo,SS389VAR,900009
ANAS,10043,CAGLIARI,Sardegna,Nuoro,Villagrande Strisaili,SS389VAR,10043
ANAS,1498,CAGLIARI,Sardegna,Nuoro,Loceri,SS390,1498
ANAS,1585,CAGLIARI,Sardegna,Oristano,Assolo,SS442,1585
ANAS,1586,CAGLIARI,Sardegna,Oristano,Masullas,SS442,1586
ANAS,1627,CAGLIARI,Sardegna,Sud Sardegna,Ussana,SS466,1627
ANAS,1730,CAGLIARI,Sardegna,Nuoro,Orotelli,SS537,1730
ANAS,1743,CAGLIARI,Sardegna,Sud Sardegna,Ortacesus,SS547,1743
ANAS,3523,CAGLIARI,Sardegna,Cagliari,Monserrato,SS554,3523
ANAS,862,CAGLIARI,Sardegna,Cagliari,Quartu Sant'Elena,SS554,862
ANAS,520008,CAGLIARI,Sardegna,Sassari,Berchidda,SS597,520008A - 520008D
ANAS,520007,CAGLIARI,Sardegna,Sassari,Ozieri,SS729,520007A - 520007D
ANAS,520006,CAGLIARI,Sardegna,Sassari,Ploaghe,SS729,520006A - 520006D
ANAS,520009,CAGLIARI,Sardegna,Sassari,Olbia,SS729,520009A - 520009D
ANAS,965,CAMPOBASSO,Molise,Isernia,Rocchetta a Volturno,SS158,965
ANAS,258,CAMPOBASSO,Molise,Campobasso,Petacciato,SS16,258
ANAS,260,CAMPOBASSO,Molise,Campobasso,Campomarino,SS16,260
ANAS,288,CAMPOBASSO,Molise,Isernia,Rionero Sannitico,SS17,288
ANAS,289,CAMPOBASSO,Molise,Isernia,Cantalupo nel Sannio,SS17,289
ANAS,10012,CAMPOBASSO,Molise,Isernia,Forlì del Sannio,SS17VAR-A,10012
ANAS,1107,CAMPOBASSO,Molise,Campobasso,Riccia,SS212,1107
ANAS,1108,CAMPOBASSO,Molise,Campobasso,Sant'Elia a Pianisi,SS212,1108
ANAS,514094,CAMPOBASSO,Molise,Isernia,Macchia d'Isernia,SS627,514094
ANAS,2148,CAMPOBASSO,Molise,Campobasso,Campobasso,SS645,2148
ANAS,963,CAMPOBASSO,Molise,Campobasso,Gambatesa,SS645,963
ANAS,10011,CAMPOBASSO,Molise,Campobasso,Baranello,SS647,10011
ANAS,514097,CAMPOBASSO,Molise,Campobasso,Montagano,SS647,514097
ANAS,3485,CAMPOBASSO,Molise,Campobasso,Lupara,SS647,3485
ANAS,3520,CAMPOBASSO,Molise,Campobasso,Ripalimosani,SS647DIR-B,3520
ANAS,3486,CAMPOBASSO,Molise,Isernia,Sessano del Molise,SS650,3486
ANAS,3506,CAMPOBASSO,Molise,Isernia,Rionero Sannitico,SS652,3506
ANAS,97,CAMPOBASSO,Molise,Isernia,Venafro,SS6DIR,97
ANAS,10009,CAMPOBASSO,Molise,Campobasso,Termoli,SS709,10009
ANAS,514100,CAMPOBASSO,Molise,Campobasso,Campobasso,SS710,514100
ANAS,514093,CAMPOBASSO,Molise,Isernia,Bagnoli del Trigno,SS747,514093
ANAS,514098,CAMPOBASSO,Molise,Campobasso,Casacalenda,SS748,514098
ANAS,514096,CAMPOBASSO,Molise,Campobasso,Oratino,SS751,514096
ANAS,632,CAMPOBASSO,Molise,Isernia,Macchia d'Isernia,SS85,632
ANAS,514095,CAMPOBASSO,Molise,Isernia,Venafro,SS85VAR,514095A - 514095D
ANAS,2140,CAMPOBASSO,Molise,Campobasso,San Giuliano del Sannio,SS87,2140
ANAS,2141,CAMPOBASSO,Molise,Campobasso,Vinchiaturo,SS87,2141
ANAS,648,CAMPOBASSO,Molise,Campobasso,Matrice,SS87,648
ANAS,10010,CAMPOBASSO,Molise,Campobasso,Portocannone,SS87,10010
ANAS,2146,CAMPOBASSO,Molise,Campobasso,Termoli,SS87,2146
ANAS,514099,CAMPOBASSO,Molise,Campobasso,Ripabottoni,SS87VAR,514099
ANAS,19108,CATANIA,Sicilia,Siracusa,Carlentini,A1,19108
ANAS,10061,CATANIA,Sicilia,Enna,Catenanuova,A19,10061
ANAS,19105,CATANIA,Sicilia,Catania,Misterbianco,RA15,19105
ANAS,19006,CATANIA,Sicilia,Catania,Catania,RA15,19006
ANAS,779,CATANIA,Sicilia,Messina,Messina,SS113,779
ANAS,10049,CATANIA,Sicilia,Messina,Messina,SS113,10049
ANAS,780,CATANIA,Sicilia,Messina,Villafranca Tirrena,SS113,780
ANAS,782,CATANIA,Sicilia,Messina,Barcellona Pozzo di Gotto,SS113,782
ANAS,19097,CATANIA,Sicilia,Messina,Furnari,SS113,19097
ANAS,783,CATANIA,Sicilia,Messina,Patti,SS113,783
ANAS,784,CATANIA,Sicilia,Messina,Piraino,SS113,784
ANAS,3209,CATANIA,Sicilia,Messina,Naso,SS113,3209
ANAS,19094,CATANIA,Sicilia,Messina,Capo d'Orlando,SS113,19094
ANAS,786,CATANIA,Sicilia,Messina,Sant'Agata di Militello,SS113,786
ANAS,19099,CATANIA,Sicilia,Messina,Messina,SS113DIR,19099
ANAS,799,CATANIA,Sicilia,Messina,Messina,SS113DIR,799
ANAS,900019,CATANIA,Sicilia,Messina,Scaletta Zanclea,SS114,900019
ANAS,19100,CATANIA,Sicilia,Messina,Alì Terme,SS114,19100
ANAS,19101,CATANIA,Sicilia,Messina,Letojanni,SS114,19101
ANAS,400001,CATANIA,Sicilia,Messina,Taormina,SS114,400001
ANAS,19103,CATANIA,Sicilia,Catania,Calatabiano,SS114,19103
ANAS,900002,CATANIA,Sicilia,Catania,Riposto,SS114,900002
ANAS,19104,CATANIA,Sicilia,Catania,Acireale,SS114,19104
ANAS,19115,CATANIA,Sicilia,Catania,Catania,SS114,19115
ANAS,19107,CATANIA,Sicilia,Siracusa,Carlentini,SS114,19107
ANAS,19110,CATANIA,Sicilia,Siracusa,Augusta,SS114,19110
ANAS,19125,CATANIA,Sicilia,Siracusa,Priolo Gargallo,SS114,19125
ANAS,19127,CATANIA,Sicilia,Siracusa,Siracusa,SS114,19127
ANAS,19109,CATANIA,Sicilia,Siracusa,Carlentini,SS114DIR,19109
ANAS,821,CATANIA,Sicilia,Ragusa,Acate,SS115,821
ANAS,19137,CATANIA,Sicilia,Ragusa,Vittoria,SS115,19137
ANAS,19136,CATANIA,Sicilia,Ragusa,Comiso,SS115,19136
ANAS,19135,CATANIA,Sicilia,Ragusa,Ragusa,SS115,19135
ANAS,19134,CATANIA,Sicilia,Ragusa,Ragusa,SS115,19134
ANAS,19132,CATANIA,Sicilia,Ragusa,Modica,SS115,19132
ANAS,19130,CATANIA,Sicilia,Ragusa,Ispica,SS115,19130
ANAS,824,CATANIA,Sicilia,Siracusa,Rosolini,SS115,824
ANAS,19131,CATANIA,Sicilia,Siracusa,Noto,SS115,19131
ANAS,19129,CATANIA,Sicilia,Siracusa,Noto,SS115,19129
ANAS,825,CATANIA,Sicilia,Siracusa,Siracusa,SS115,825
ANAS,19128,CATANIA,Sicilia,Siracusa,Siracusa,SS115,19128
ANAS,828,CATANIA,Sicilia,Catania,Randazzo,SS116,828
ANAS,19096,CATANIA,Sicilia,Messina,Ucria,SS116,19096
ANAS,19095,CATANIA,Sicilia,Messina,Naso,SS116,19095
ANAS,835,CATANIA,Sicilia,Caltanissetta,Gela,SS117BIS,835
ANAS,844,CATANIA,Sicilia,Catania,Bronte,SS120,844
ANAS,845,CATANIA,Sicilia,Catania,Castiglione di Sicilia,SS120,845
ANAS,846,CATANIA,Sicilia,Catania,Piedimonte Etneo,SS120,846
ANAS,847,CATANIA,Sicilia,Catania,Motta Sant'Anastasia,SS121,847
ANAS,3498,CATANIA,Sicilia,Catania,Biancavilla,SS121,3498
ANAS,19091,CATANIA,Sicilia,Enna,Regalbuto,SS121,19091
ANAS,19075,CATANIA,Sicilia,Enna,Nissoria,SS121,19075
ANAS,859,CATANIA,Sicilia,Catania,San Michele di Ganzaria,SS124,859
ANAS,860,CATANIA,Sicilia,Catania,Grammichele,SS124,860
ANAS,19123,CATANIA,Sicilia,Siracusa,Palazzolo Acreide,SS124,19123
ANAS,861,CATANIA,Sicilia,Siracusa,Palazzolo Acreide,SS124,861
ANAS,19124,CATANIA,Sicilia,Siracusa,Siracusa,SS124,19124
ANAS,19098,CATANIA,Sicilia,Messina,Rodì Milici,SS185,19098
ANAS,1030,CATANIA,Sicilia,Messina,Francavilla di Sicilia,SS185,1030
ANAS,3220,CATANIA,Sicilia,Messina,Francavilla di Sicilia,SS185,3220
ANAS,1032,CATANIA,Sicilia,Messina,Gaggi,SS185,1032
ANAS,19073,CATANIA,Sicilia,Enna,Assoro,SS192,19073
ANAS,1053,CATANIA,Sicilia,Enna,Agira,SS192,1053
ANAS,1054,CATANIA,Sicilia,Catania,Belpasso,SS192,1054
ANAS,19007,CATANIA,Sicilia,Siracusa,Augusta,SS193,19007
ANAS,19114,CATANIA,Sicilia,Siracusa,Lentini,SS194,19114
ANAS,1057,CATANIA,Sicilia,Siracusa,Francofonte,SS194,1057
ANAS,1058,CATANIA,Sicilia,Catania,Licodia Eubea,SS194,1058
ANAS,1059,CATANIA,Sicilia,Ragusa,Giarratana,SS194,1059
ANAS,822,CATANIA,Sicilia,Ragusa,Ragusa,SS194,822
ANAS,19133,CATANIA,Sicilia,Ragusa,Modica,SS194,19133
ANAS,1278,CATANIA,Sicilia,Catania,Bronte,SS284,1278
ANAS,1279,CATANIA,Sicilia,Catania,Adrano,SS284,1279
ANAS,3117,CATANIA,Sicilia,Siracusa,Noto,SS287,3117
ANAS,1285,CATANIA,Sicilia,Siracusa,Noto,SS287,1285
ANAS,1286,CATANIA,Sicilia,Catania,Ramacca,SS288,1286
ANAS,1287,CATANIA,Sicilia,Enna,Aidone,SS288,1287
ANAS,1288,CATANIA,Sicilia,Messina,Acquedolci,SS289,1288
ANAS,1289,CATANIA,Sicilia,Messina,San Teodoro,SS289,1289
ANAS,1484,CATANIA,Sicilia,Siracusa,Lentini,SS385,1484
ANAS,1485,CATANIA,Sicilia,Catania,Mineo,SS385,1485
ANAS,1486,CATANIA,Sicilia,Catania,Caltagirone,SS385,1486
ANAS,19117,CATANIA,Sicilia,Catania,Caltagirone,SS417,19117
ANAS,1540,CATANIA,Sicilia,Catania,Caltagirone,SS417,1540
ANAS,19116,CATANIA,Sicilia,Catania,Mineo,SS417,19116
ANAS,3121,CATANIA,Sicilia,Catania,Catania,SS417,3121
ANAS,3122,CATANIA,Sicilia,Ragusa,Chiaramonte Gulfi,SS514,3122
ANAS,19120,CATANIA,Sicilia,Catania,Vizzini,SS514,19120
ANAS,19121,CATANIA,Sicilia,Catania,Vizzini,SS514,19121
ANAS,19119,CATANIA,Sicilia,Catania,Licodia Eubea,SS683,19119
ANAS,19112,CATANIA,Sicilia,Siracusa,Augusta,A CT-SR,19112
ANAS,920013,CATANZARO,Calabria,Reggio di Calabria,Reggio di Calabria,RA4,920013
ANAS,720,CATANZARO,Calabria,Reggio di Calabria,Reggio di Calabria,SS106,720
ANAS,10000,CATANZARO,Calabria,Reggio di Calabria,San Lorenzo,SS106,10000
ANAS,18031,CATANZARO,Calabria,Reggio di Calabria,Brancaleone,SS106,18031
ANAS,721,CATANZARO,Calabria,Reggio di Calabria,Bovalino,SS106,721
ANAS,722,CATANZARO,Calabria,Reggio di Calabria,Portigliola,SS106,722
ANAS,723,CATANZARO,Calabria,Reggio di Calabria,Camini,SS106,723
ANAS,18027,CATANZARO,Calabria,Catanzaro,Sant'Andrea Apostolo dello Ionio,SS106,18027
ANAS,18025,CATANZARO,Calabria,Catanzaro,Soverato,SS106,18025
ANAS,724,CATANZARO,Calabria,Catanzaro,Stalettì,SS106,724
ANAS,725,CATANZARO,Calabria,Crotone,Cutro,SS106,725
ANAS,726,CATANZARO,Calabria,Crotone,Isola di Capo Rizzuto,SS106,726
ANAS,727,CATANZARO,Calabria,Crotone,Strongoli,SS106,727
ANAS,900013,CATANZARO,Calabria,Crotone,Melissa,SS106,900013
ANAS,728,CATANZARO,Calabria,Cosenza,Cariati,SS106,728
ANAS,18022,CATANZARO,Calabria,Cosenza,Crosia,SS106,18022
ANAS,18020,CATANZARO,Calabria,Cosenza,Corigliano-Rossano,SS106,18020
ANAS,18005,CATANZARO,Calabria,Cosenza,Villapiana,SS106,18005
ANAS,3384,CATANZARO,Calabria,Cosenza,Amendolara,SS106,3384
ANAS,18001,CATANZARO,Calabria,Cosenza,Roseto Capo Spulico,SS106,18001A - 18001D
ANAS,739,CATANZARO,Calabria,Cosenza,Corigliano-Rossano,SS106RADD,739
ANAS,740,CATANZARO,Calabria,Cosenza,Cassano all'Ionio,SS106RADD,740
ANAS,19111,CATANZARO,Calabria,Cosenza,Roseto Capo Spulico,SS106VAR,19111A - 19111D
ANAS,19113,CATANZARO,Calabria,Catanzaro,Borgia,SS106VAR-A,19113D - 19113A
ANAS,19106,CATANZARO,Calabria,Catanzaro,Catanzaro,SS106VAR-A,19106A - 19106D
ANAS,3002,CATANZARO,Calabria,Cosenza,Rende,SS107,3002
ANAS,3034,CATANZARO,Calabria,Cosenza,Rende,SS107,3034
ANAS,3004,CATANZARO,Calabria,Cosenza,Cosenza,SS107,3004
ANAS,18017,CATANZARO,Calabria,Cosenza,Rovito,SS107,18017
ANAS,744,CATANZARO,Calabria,Cosenza,Spezzano della Sila,SS107,744
ANAS,18018,CATANZARO,Calabria,Cosenza,Spezzano della Sila,SS107,18018
ANAS,745,CATANZARO,Calabria,Cosenza,Casali del Manco,SS107,745
ANAS,3035,CATANZARO,Calabria,Cosenza,San Giovanni in Fiore,SS107,3035
ANAS,3036,CATANZARO,Calabria,Crotone,Caccuri,SS107,3036
ANAS,900014,CATANZARO,Calabria,Crotone,Crotone,SS107,900014
ANAS,752,CATANZARO,Calabria,Cosenza,Parenti,SS108BIS,752
ANAS,753,CATANZARO,Calabria,Cosenza,Aprigliano,SS108BIS,753
ANAS,754,CATANZARO,Calabria,Cosenza,San Giovanni in Fiore,SS108BIS,754
ANAS,3167,CATANZARO,Calabria,Catanzaro,Sorbo San Basile,SS109,3167
ANAS,3169,CATANZARO,Calabria,Catanzaro,Catanzaro,SS109BIS,3169
ANAS,3495,CATANZARO,Calabria,Catanzaro,Catanzaro,SS109BIS,3495
ANAS,1009,CATANZARO,Calabria,Cosenza,Spezzano della Sila,SS177,1009
ANAS,18019,CATANZARO,Calabria,Cosenza,Longobucco,SS177,18019
ANAS,900015,CATANZARO,Calabria,Cosenza,Aprigliano,SS179,900015
ANAS,3172,CATANZARO,Calabria,Catanzaro,Taverna,SS179DIR,3172
ANAS,3000,CATANZARO,Calabria,Cosenza,San Nicola Arcella,SS18,3000
ANAS,18006,CATANZARO,Calabria,Cosenza,Belvedere Marittimo,SS18,18006
ANAS,308,CATANZARO,Calabria,Cosenza,Belvedere Marittimo,SS18,308
ANAS,3385,CATANZARO,Calabria,Cosenza,Cetraro,SS18,3385
ANAS,18015,CATANZARO,Calabria,Cosenza,Paola,SS18,18015
ANAS,3421,CATANZARO,Calabria,Cosenza,Falconara Albanese,SS18,3421
ANAS,900016,CATANZARO,Calabria,Cosenza,Amantea,SS18,900016
ANAS,3422,CATANZARO,Calabria,Catanzaro,Nocera Terinese,SS18,3422
ANAS,3417,CATANZARO,Calabria,Catanzaro,Lamezia Terme,SS18,3417
ANAS,900017,CATANZARO,Calabria,Catanzaro,Curinga,SS18,900017
ANAS,313,CATANZARO,Calabria,Vibo Valentia,Pizzo,SS18,313
ANAS,314,CATANZARO,Calabria,Vibo Valentia,Vibo Valentia,SS18,314
ANAS,18028,CATANZARO,Calabria,Vibo Valentia,San Calogero,SS18,18028
ANAS,18029,CATANZARO,Calabria,Reggio di Calabria,Rosarno,SS18,18029
ANAS,18033,CATANZARO,Calabria,Reggio di Calabria,Rosarno,SS18,18033
ANAS,315,CATANZARO,Calabria,Reggio di Calabria,Rosarno,SS18,315
ANAS,316,CATANZARO,Calabria,Reggio di Calabria,Palmi,SS18,316
ANAS,317,CATANZARO,Calabria,Reggio di Calabria,Seminara,SS18,317
ANAS,318,CATANZARO,Calabria,Reggio di Calabria,Scilla,SS18,318
ANAS,3174,CATANZARO,Calabria,Vibo Valentia,Vibo Valentia,SS182,3174
ANAS,1025,CATANZARO,Calabria,Vibo Valentia,San Gregorio d'Ippona,SS182,1025
ANAS,1020,CATANZARO,Calabria,Vibo Valentia,San Gregorio d'Ippona,SS182,1020
ANAS,1026,CATANZARO,Calabria,Vibo Valentia,San Gregorio d'Ippona,SS182,1026
ANAS,1022,CATANZARO,Calabria,Vibo Valentia,Francica,SS182,1022
ANAS,1021,CATANZARO,Calabria,Vibo Valentia,Soriano Calabro,SS182,1021
ANAS,1027,CATANZARO,Calabria,Catanzaro,Torre di Ruggiero,SS182,1027
ANAS,1023,CATANZARO,Calabria,Catanzaro,Chiaravalle Centrale,SS182,1023
ANAS,1024,CATANZARO,Calabria,Catanzaro,Argusto,SS182,1024
ANAS,18026,CATANZARO,Calabria,Catanzaro,Petrizzi,SS182,18026
ANAS,3386,CATANZARO,Calabria,Catanzaro,Lamezia Terme,SS280,3386
ANAS,18024,CATANZARO,Calabria,Catanzaro,Marcellinara,SS280,18024A - 18024D
ANAS,3418,CATANZARO,Calabria,Catanzaro,Catanzaro,SS280,3418
ANAS,3017,CATANZARO,Calabria,Cosenza,Acquappesa,SS283,3017
ANAS,19102,CATANZARO,Calabria,Cosenza,Guardia Piemontese,SS283,19102
ANAS,18012,CATANZARO,Calabria,Cosenza,Guardia Piemontese,SS283,18012
ANAS,18011,CATANZARO,Calabria,Cosenza,San Marco Argentano,SS283,18011
ANAS,18010,CATANZARO,Calabria,Cosenza,San Marco Argentano,SS283,18010
ANAS,18009,CATANZARO,Calabria,Cosenza,Tarsia,SS283,18009
ANAS,18008,CATANZARO,Calabria,Cosenza,Spezzano Albanese,SS283,18008
ANAS,18007,CATANZARO,Calabria,Cosenza,San Marco Argentano,SS283VAR,18007
ANAS,19126,CATANZARO,Calabria,Cosenza,San Marco Argentano,SS283VAR,19126
ANAS,3018,CATANZARO,Calabria,Cosenza,Oriolo,SS481,3018
ANAS,18002,CATANZARO,Calabria,Cosenza,Amendolara,SS481,18002
ANAS,18021,CATANZARO,Calabria,Cosenza,Crosia,SS531,18021
ANAS,1720,CATANZARO,Calabria,Cosenza,Calopezzati,SS531,1720
ANAS,3019,CATANZARO,Calabria,Cosenza,Castrovillari,SS534,3019
ANAS,3006,CATANZARO,Calabria,Cosenza,Cassano all'Ionio,SS534,3006
ANAS,18023,CATANZARO,Calabria,Cosenza,Pedivigliano,SS616,18023
ANAS,3001,CATANZARO,Calabria,Cosenza,Altilia,SS616,3001
ANAS,3461,CATANZARO,Calabria,Cosenza,Bisignano,SS660,3461
ANAS,3462,CATANZARO,Calabria,Cosenza,Acri,SS660,3462
ANAS,900018,CATANZARO,Calabria,Reggio di Calabria,Rosarno,SS682,900018
ANAS,3396,CATANZARO,Calabria,Reggio di Calabria,Mammola,SS682,3396
ANAS,18030,CATANZARO,Calabria,Reggio di Calabria,Siderno,SS682,18030
ANAS,920014,CATANZARO,Calabria,Reggio di Calabria,Rosarno,SS682DIR,920014
ANAS,18034,CATANZARO,Calabria,Reggio di Calabria,Rosarno,SS682DIR,18034
ANAS,180321,CATANZARO,Calabria,Reggio di Calabria,Reggio di Calabria,SS740,180321
ANAS,10029,FIRENZE,Toscana,Siena,Monteriggioni,RA3,10029
ANAS,409004,FIRENZE,Toscana,Siena,Poggibonsi,RA3,409004
ANAS,10030,FIRENZE,Toscana,Firenze,Barberino Tavarnelle,RA3,10030 - 10030D - 10030A
ANAS,3460,FIRENZE,Toscana,Arezzo,Cortona,RA6,3460
ANAS,9,FIRENZE,Toscana,Grosseto,Capalbio,SS1,9
ANAS,10,FIRENZE,Toscana,Grosseto,Orbetello,SS1,10
ANAS,11,FIRENZE,Toscana,Grosseto,Grosseto,SS1,11 - 11D - 11A
ANAS,12,FIRENZE,Toscana,Grosseto,Gavorrano,SS1,12 - 12A - 12D
ANAS,409016,FIRENZE,Toscana,Livorno,Piombino,SS1,409016
ANAS,13,FIRENZE,Toscana,Livorno,San Vincenzo,SS1,13
ANAS,10057,FIRENZE,Toscana,Livorno,Cecina,SS1,10057 - 10057D - 10057A
ANAS,14,FIRENZE,Toscana,Livorno,Livorno,SS1,14
ANAS,16,FIRENZE,Toscana,Pisa,Vecchiano,SS1,16
ANAS,187,FIRENZE,Toscana,Lucca,Lucca,SS12,187
ANAS,188,FIRENZE,Toscana,Pistoia,San Marcello Piteglio,SS12,188
ANAS,189,FIRENZE,Toscana,Pistoia,Abetone Cutigliano,SS12,189
ANAS,207,FIRENZE,Toscana,Lucca,Lucca,SS12RADD,207
ANAS,409007,FIRENZE,Toscana,Siena,Chiusi,SS146,409007
ANAS,409006,FIRENZE,Toscana,Siena,Castiglione d'Orcia,SS2,409006
ANAS,409010,FIRENZE,Toscana,Siena,San Quirico d'Orcia,SS2,409010
ANAS,409101,FIRENZE,Toscana,Siena,Buonconvento,SS2,409101
ANAS,409102,FIRENZE,Toscana,Siena,Siena,SS2,409102
ANAS,1128,FIRENZE,Toscana,Grosseto,Grosseto,SS223,1128
ANAS,10027,FIRENZE,Toscana,Grosseto,Civitella Paganico,SS223,10027
ANAS,409005,FIRENZE,Toscana,Siena,Sovicille,SS223,409005
ANAS,409137,FIRENZE,Toscana,Arezzo,Sansepolcro,SS258,409137
ANAS,409220,FIRENZE,Toscana,Arezzo,Sestino,SS258,409220
ANAS,409015,FIRENZE,Toscana,Grosseto,Monterotondo Marittimo,SS398,409015
ANAS,409144,FIRENZE,Toscana,Livorno,Suvereto,SS398,409144
ANAS,1509,FIRENZE,Toscana,Livorno,Piombino,SS398,1509
ANAS,2451,FIRENZE,Toscana,Arezzo,Pieve Santo Stefano,SS3BIS,2451
ANAS,409156,FIRENZE,Toscana,Lucca,Massarosa,SS439,409156
ANAS,409157,FIRENZE,Toscana,Lucca,Massarosa,SS439,409157
ANAS,409158,FIRENZE,Toscana,Lucca,Lucca,SS439,409158
ANAS,409166,FIRENZE,Toscana,Lucca,Capannori,SS439,409166
ANAS,409159,FIRENZE,Toscana,Pisa,Calcinaia,SS439,409159
ANAS,409160,FIRENZE,Toscana,Pisa,Ponsacco,SS439,409160
ANAS,409161,FIRENZE,Toscana,Pisa,Volterra,SS439,409161
ANAS,409002,FIRENZE,Toscana,Pisa,Pomarance,SS439,409002
ANAS,409011,FIRENZE,Toscana,Grosseto,Massa Marittima,SS439,409011
ANAS,409162,FIRENZE,Toscana,Grosseto,Follonica,SS439,409162
ANAS,409013,FIRENZE,Toscana,Pisa,Lajatico,SS439DIR,409013
ANAS,518,FIRENZE,Toscana,Massa Carrara,Aulla,SS62,518
ANAS,519,FIRENZE,Toscana,Massa Carrara,Pontremoli,SS62,519
ANAS,526,FIRENZE,Toscana,Massa Carrara,Fivizzano,SS63,526
ANAS,527,FIRENZE,Toscana,Massa Carrara,Fivizzano,SS63,527
ANAS,530,FIRENZE,Toscana,Pistoia,Pistoia,SS64,530
ANAS,409109,FIRENZE,Toscana,Firenze,Vaglia,SS65,409109
ANAS,409110,FIRENZE,Toscana,Firenze,Vaglia,SS65,409110
ANAS,409111,FIRENZE,Toscana,Firenze,Barberino di Mugello,SS65,409111
ANAS,409112,FIRENZE,Toscana,Firenze,Barberino di Mugello,SS65,409112
ANAS,409009,FIRENZE,Toscana,Firenze,Firenzuola,SS65,409009
ANAS,409115,FIRENZE,Toscana,Pistoia,Pistoia,SS66,409115
ANAS,409014,FIRENZE,Toscana,Pistoia,San Marcello Piteglio,SS66,409014
ANAS,409001,FIRENZE,Toscana,Massa Carrara,Licciana Nardi,SS665,409001
ANAS,543,FIRENZE,Toscana,Pisa,Pontedera,SS67,543
ANAS,544,FIRENZE,Toscana,Pisa,San Miniato,SS67,544
ANAS,3459,FIRENZE,Toscana,Firenze,Montelupo Fiorentino,SS67,3459
ANAS,7000546,FIRENZE,Toscana,Firenze,Pontassieve,SS67,7000546
ANAS,546,FIRENZE,Toscana,Firenze,Pontassieve,SS67,546
ANAS,547,FIRENZE,Toscana,Firenze,Rufina,SS67,547
ANAS,548,FIRENZE,Toscana,Firenze,San Godenzo,SS67,548
ANAS,2454,FIRENZE,Toscana,Arezzo,Arezzo,SS679,2454
ANAS,551,FIRENZE,Toscana,Pisa,Cascina,SS67BIS,551
ANAS,409116,FIRENZE,Toscana,Livorno,Cecina,SS68,409116
ANAS,409012,FIRENZE,Toscana,Pisa,Montecatini Val di Cecina,SS68,409012
ANAS,409003,FIRENZE,Toscana,Pisa,Volterra,SS68,409003
ANAS,409117,FIRENZE,Toscana,Pisa,Volterra,SS68,409117
ANAS,409017,FIRENZE,Toscana,Arezzo,Monte San Savino,SS680,409017
ANAS,10028,FIRENZE,Toscana,Siena,Asciano,SS715,10028
ANAS,1371,FIRENZE,Toscana,Siena,Sinalunga,SS715,1371 - 1371A - 1371D
ANAS,409008,FIRENZE,Toscana,Pistoia,Agliana,SS719,409008
ANAS,574,FIRENZE,Toscana,Arezzo,Monte San Savino,SS73,574
ANAS,575,FIRENZE,Toscana,Arezzo,Arezzo,SS73,575
ANAS,576,FIRENZE,Toscana,Arezzo,Arezzo,SS73,576 - 576_BIS
ANAS,577,FIRENZE,Toscana,Arezzo,Anghiari,SS73,577
ANAS,17,GENOVA,Liguria,La Spezia,Sarzana,SS1,17
ANAS,307001,GENOVA,Liguria,La Spezia,Beverino,SS1,307001
ANAS,307002,GENOVA,Liguria,La Spezia,Deiva Marina,SS1,307002
ANAS,307003,GENOVA,Liguria,Genova,Chiavari,SS1,307003
ANAS,307007,GENOVA,Liguria,Genova,Camogli,SS1,307007
ANAS,307004,GENOVA,Liguria,Genova,Arenzano,SS1,307004
ANAS,307005,GENOVA,Liguria,Savona,Finale Ligure,SS1,307005
ANAS,307006,GENOVA,Liguria,Savona,Albenga,SS1,307006
ANAS,307008,GENOVA,Liguria,Imperia,Diano Marina,SS1,307008
ANAS,307009,GENOVA,Liguria,Imperia,Cipressa,SS1,307009
ANAS,307010,GENOVA,Liguria,Imperia,Ventimiglia,SS1,307010
ANAS,3022,GENOVA,Liguria,Imperia,Ventimiglia,SS1DIR,3022
ANAS,90003,GENOVA,Liguria,La Spezia,Riccò del Golfo di Spezia,SS1VAR-A,90003
ANAS,350,GENOVA,Liguria,Imperia,Ventimiglia,SS20,350
ANAS,378,GENOVA,Liguria,Imperia,Pornassio,SS28,378
ANAS,3030,GENOVA,Liguria,Imperia,Chiusanico,SS28,3030
ANAS,507005,GENOVA,Liguria,Savona,Cairo Montenotte,SS29VAR,507005
ANAS,448,GENOVA,Liguria,Genova,Torriglia,SS45,448
ANAS,10031,GENOVA,Liguria,Savona,Villanova d'Albenga,SS717,10031
ANAS,3433,L'AQUILA,Abruzzo,Chieti,San Giovanni Teatino,RA12,3433
ANAS,3433_NEW,L'AQUILA,Abruzzo,Chieti,San Giovanni Teatino,RA12,3433D - 3433A
ANAS,920051,L'AQUILA,Abruzzo,Teramo,Canzano,SS150,920051
ANAS,948,L'AQUILA,Abruzzo,L'Aquila,Ofena,SS153,948
ANAS,962,L'AQUILA,Abruzzo,L'Aquila,Alfedena,SS158,962
ANAS,2105,L'AQUILA,Abruzzo,Teramo,Alba Adriatica,SS16,2105
ANAS,251,L'AQUILA,Abruzzo,Teramo,Pineto,SS16,251
ANAS,254,L'AQUILA,Abruzzo,Chieti,Ortona,SS16,254
ANAS,255,L'AQUILA,Abruzzo,Chieti,Fossacesia,SS16,255
ANAS,256,L'AQUILA,Abruzzo,Chieti,Casalbordino,SS16,256
ANAS,257,L'AQUILA,Abruzzo,Chieti,Vasto,SS16,257
ANAS,2123,L'AQUILA,Abruzzo,L'Aquila,Scoppito,SS17,2123
ANAS,513147,L'AQUILA,Abruzzo,L'Aquila,L'Aquila,SS17,513147
ANAS,3478,L'AQUILA,Abruzzo,L'Aquila,Barisciano,SS17,3478
ANAS,284,L'AQUILA,Abruzzo,L'Aquila,San Pio delle Camere,SS17,284
ANAS,2106,L'AQUILA,Abruzzo,L'Aquila,Roccacasale,SS17,2106
ANAS,286,L'AQUILA,Abruzzo,L'Aquila,Pettorano sul Gizio,SS17,286
ANAS,287,L'AQUILA,Abruzzo,L'Aquila,Castel di Sangro,SS17,287
ANAS,920052,L'AQUILA,Abruzzo,L'Aquila,Pizzoli,SS260,920052
ANAS,513079,L'AQUILA,Abruzzo,Chieti,Villamagna,SS263,513079
ANAS,513141,L'AQUILA,Abruzzo,Chieti,Fara Filiorum Petri,SS263,513141
ANAS,920047,L'AQUILA,Abruzzo,L'Aquila,Collarmele,SS5,920047
ANAS,920048,L'AQUILA,Abruzzo,Chieti,Chieti,SS5,920048
ANAS,513084,L'AQUILA,Abruzzo,Pescara,Manoppello,SS539,513084
ANAS,513085,L'AQUILA,Abruzzo,Teramo,Atri,SS553,513085
ANAS,513073,L'AQUILA,Abruzzo,L'Aquila,Magliano de' Marsi,SS578,513073
ANAS,513089,L'AQUILA,Abruzzo,L'Aquila,L'Aquila,SS584,513089
ANAS,920049,L'AQUILA,Abruzzo,L'Aquila,Sante Marie,SS5QUATER,920049
ANAS,513080,L'AQUILA,Abruzzo,Chieti,Torrevecchia Teatina,SS649,513080
ANAS,513101,L'AQUILA,Abruzzo,Chieti,Schiavi di Abruzzo,SS650,513101
ANAS,3430,L'AQUILA,Abruzzo,Chieti,Tufillo,SS650,3430
ANAS,3429,L'AQUILA,Abruzzo,Chieti,San Salvo,SS650,3429
ANAS,513076,L'AQUILA,Abruzzo,L'Aquila,Ateleta,SS652,513076
ANAS,3431,L'AQUILA,Abruzzo,Chieti,Mozzagrogna,SS652,3431
ANAS,513137,L'AQUILA,Abruzzo,Chieti,Chieti,SS656,513137
ANAS,920053,L'AQUILA,Abruzzo,L'Aquila,Capistrello,SS690,920053
ANAS,513090,L'AQUILA,Abruzzo,L'Aquila,Ovindoli,SS696,513090
ANAS,252,L'AQUILA,Abruzzo,Pescara,Pescara,SS714,252
ANAS,513136,L'AQUILA,Abruzzo,Pescara,Pescara,SS714,513136D - 513136A
ANAS,513135,L'AQUILA,Abruzzo,Chieti,Francavilla al Mare,SS714,513135
ANAS,513087,L'AQUILA,Abruzzo,L'Aquila,L'Aquila,SS80,513087
ANAS,2108,L'AQUILA,Abruzzo,Teramo,Mosciano Sant'Angelo,SS80,2108
ANAS,513142,L'AQUILA,Abruzzo,Teramo,Giulianova,SS80,513142
ANAS,513144,L'AQUILA,Abruzzo,L'Aquila,L'Aquila,SS80DIR,513144
ANAS,920050,L'AQUILA,Abruzzo,Teramo,Teramo,SS80RACC,920050 - 920050D - 920050A
ANAS,615,L'AQUILA,Abruzzo,Teramo,Campli,SS81,615
ANAS,616,L'AQUILA,Abruzzo,Teramo,Teramo,SS81,616
ANAS,2110,L'AQUILA,Abruzzo,Teramo,Montefino,SS81,2110
ANAS,618,L'AQUILA,Abruzzo,Pescara,Penne,SS81,618
ANAS,619,L'AQUILA,Abruzzo,Pescara,Loreto Aprutino,SS81,619
ANAS,2112,L'AQUILA,Abruzzo,Chieti,Casoli,SS81,2112
ANAS,513139,L'AQUILA,Abruzzo,L'Aquila,Pescina,SS83,513139
ANAS,513074,L'AQUILA,Abruzzo,L'Aquila,Opi,SS83,513074
ANAS,3528,L'AQUILA,Abruzzo,L'Aquila,Alfedena,SS83,3528
ANAS,513075,L'AQUILA,Abruzzo,Chieti,Palena,SS84,513075
ANAS,628,L'AQUILA,Abruzzo,Chieti,Casoli,SS84,628
ANAS,513078,L'AQUILA,Abruzzo,Chieti,San Vito Chietino,SS84,513078
ANAS,3188,MILANO,Lombardia,Mantova,Ostiglia,SS12,3188
ANAS,1151,MILANO,Lombardia,Varese,Cugliate-Fabiasco,SS233,1151
ANAS,1384,MILANO,Lombardia,Varese,Gallarate,SS336,1384
ANAS,10036,MILANO,Lombardia,Varese,Lonate Pozzolo,SS336DIR,10036
ANAS,3397,MILANO,Lombardia,Como,Laglio,SS340,3397
ANAS,1391,MILANO,Lombardia,Como,Porlezza,SS340,1391
ANAS,1392,MILANO,Lombardia,Como,Cremia,SS340DIR,1392
ANAS,1394,MILANO,Lombardia,Milano,Turbigo,SS341,1394
ANAS,3399,MILANO,Lombardia,Como,Lurate Caccivio,SS342,3399
ANAS,1402,MILANO,Lombardia,Varese,Bisuschio,SS344,1402
ANAS,303001,MILANO,Lombardia,Monza e della Brianza,Monza,SS36,303001D - 303001A
ANAS,303002,MILANO,Lombardia,Monza e della Brianza,Desio,SS36,303002A - 303002D
ANAS,416,MILANO,Lombardia,Monza e della Brianza,Carate Brianza,SS36,416
ANAS,303005,MILANO,Lombardia,Monza e della Brianza,Giussano,SS36,303005A - 303005D
ANAS,303003,MILANO,Lombardia,Lecco,Costa Masnaga,SS36,303003A - 303003D
ANAS,303004,MILANO,Lombardia,Lecco,Suello,SS36,303004D - 303004A
ANAS,3488,MILANO,Lombardia,Lecco,Lecco,SS36,3488
ANAS,10051,MILANO,Lombardia,Lecco,Abbadia Lariana,SS36,10051 - 910051
ANAS,417,MILANO,Lombardia,Lecco,Abbadia Lariana,SS36,417
ANAS,3415,MILANO,Lombardia,Sondrio,Novate Mezzola,SS36,3415
ANAS,10034,MILANO,Lombardia,Sondrio,San Giacomo Filippo,SS36,10034
ANAS,503066,MILANO,Lombardia,Lecco,Lecco,SS36RACC,503066
ANAS,421,MILANO,Lombardia,Sondrio,Castione Andevenno,SS38,421
ANAS,10038,MILANO,Lombardia,Sondrio,Grosio,SS38,10038
ANAS,422,MILANO,Lombardia,Sondrio,Valdidentro,SS38,422
ANAS,503049,MILANO,Lombardia,Sondrio,Piantedo,SS38VAR,503049D - 503049A
ANAS,428,MILANO,Lombardia,Sondrio,Aprica,SS39,428
ANAS,1502,MILANO,Lombardia,Varese,Casciago,SS394,1502
ANAS,10033,MILANO,Lombardia,Varese,Cassano Valcuvia,SS394,10033
ANAS,503063,MILANO,Lombardia,Bergamo,Zanica,SS42,503063
ANAS,432,MILANO,Lombardia,Bergamo,Albano Sant'Alessandro,SS42,432
ANAS,433,MILANO,Lombardia,Bergamo,Endine Gaiano,SS42,433
ANAS,3395,MILANO,Lombardia,Brescia,Esine,SS42,3395
ANAS,435,MILANO,Lombardia,Brescia,Monno,SS42,435
ANAS,452,MILANO,Lombardia,Brescia,Prevalle,SS45BIS,452
ANAS,503052,MILANO,Lombardia,Brescia,Gargnano,SS45BIS,503052
ANAS,453,MILANO,Lombardia,Brescia,Limone sul Garda,SS45BIS,453
ANAS,10037,MILANO,Lombardia,Milano,Vermezzo con Zelo,SS494,10037
ANAS,1715,MILANO,Lombardia,Milano,Morimondo,SS526,1715
ANAS,503051,MILANO,Lombardia,Varese,Vergiate,SS629,503051A - 503051D
ANAS,1883,MILANO,Lombardia,Varese,Gemonio,SS629,1883
ANAS,10035,MILANO,Lombardia,Varese,Malnate,SS712,10035
ANAS,153,MILANO,Lombardia,Lodi,Guardamiglio,SS9,153
ANAS,154,MILANO,Lombardia,Lodi,San Martino in Strada,SS9,154
ANAS,503062,MILANO,Lombardia,Lodi,Lodi,SS9,503062A - 503062D
ANAS,155,MILANO,Lombardia,Lodi,Tavazzano con Villavesco,SS9,155
ANAS,503061,MILANO,Lombardia,Lodi,Lodi,SS9DIR,503061A - 503061D
ANAS,932,NAPOLI,Campania,Napoli,Castellammare di Stabia,NSA412,932
ANAS,1105,NAPOLI,Campania,Benevento,Pietrelcina,NSA413,1105
ANAS,1820,NAPOLI,Campania,Avellino,Solofra,RA2,1820 - 1820D - 1820A
ANAS,15010,NAPOLI,Campania,Avellino,Solofra,RA2,15010
ANAS,1821,NAPOLI,Campania,Benevento,San Giorgio del Sannio,RA9,1821 - 1821D - 1821A
ANAS,15014,NAPOLI,Campania,Napoli,Meta,SS145,15014
ANAS,933,NAPOLI,Campania,Napoli,Piano di Sorrento,SS145,933
ANAS,515110,NAPOLI,Campania,Napoli,Cercola,SS162DIR,515110A - 515110D
ANAS,515107,NAPOLI,Campania,Napoli,Giugliano in Campania,SS162NC,515107A - 515107D
ANAS,978,NAPOLI,Campania,Salerno,Positano,SS163,978
ANAS,977,NAPOLI,Campania,Salerno,Maiori,SS163,977
ANAS,15019,NAPOLI,Campania,Salerno,Vietri sul Mare,SS163,15019
ANAS,303,NAPOLI,Campania,Salerno,Capaccio Paestum,SS166,303
ANAS,15022,NAPOLI,Campania,Salerno,Castel San Lorenzo,SS166,15022
ANAS,306,NAPOLI,Campania,Salerno,Atena Lucana,SS166,306
ANAS,2279,NAPOLI,Campania,Salerno,Salerno,SS18,2279
ANAS,15020,NAPOLI,Campania,Salerno,Eboli,SS18,15020
ANAS,2294,NAPOLI,Campania,Salerno,Capaccio Paestum,SS18,2294
ANAS,15021,NAPOLI,Campania,Salerno,Capaccio Paestum,SS18,15021
ANAS,304,NAPOLI,Campania,Salerno,Vallo della Lucania,SS18,304
ANAS,15031,NAPOLI,Campania,Salerno,Roccagloriosa,SS18,15031
ANAS,15030,NAPOLI,Campania,Salerno,Santa Marina,SS18,15030
ANAS,900306,NAPOLI,Campania,Salerno,Sapri,SS18,900306
ANAS,112,NAPOLI,Campania,Salerno,Lustra,SS18VAR,112
ANAS,515112,NAPOLI,Campania,Salerno,Ceraso,SS18VAR,515112
ANAS,515113,NAPOLI,Campania,Salerno,Roccagloriosa,SS18VAR,515113
ANAS,2283,NAPOLI,Campania,Salerno,Campagna,SS19,2283
ANAS,15024,NAPOLI,Campania,Salerno,Polla,SS19,15024
ANAS,2284,NAPOLI,Campania,Salerno,Polla,SS19,2284
ANAS,15023,NAPOLI,Campania,Salerno,Atena Lucana,SS19,15023
ANAS,15025,NAPOLI,Campania,Salerno,Padula,SS19,15025
ANAS,324,NAPOLI,Campania,Salerno,Montesano sulla Marcellana,SS19,324
ANAS,515119,NAPOLI,Campania,Salerno,Auletta,SS19TER,515119
ANAS,1106,NAPOLI,Campania,Benevento,Colle Sannita,SS212,1106
ANAS,515115,NAPOLI,Campania,Benevento,Benevento,SS212VAR,515115
ANAS,515104,NAPOLI,Campania,Benevento,Amorosi,SS265VAR,515104
ANAS,15033,NAPOLI,Campania,Napoli,Sant'Anastasia,SS268,15033
ANAS,15013,NAPOLI,Campania,Napoli,Terzigno,SS268,15013
ANAS,15012,NAPOLI,Campania,Napoli,Palma Campania,SS268RACC,15012A - 15012D
ANAS,1317,NAPOLI,Campania,Avellino,Mirabella Eclano,SS303,1317
ANAS,15016,NAPOLI,Campania,Avellino,Sturno,SS303,15016
ANAS,515114,NAPOLI,Campania,Benevento,Molinara,SS369,515114
ANAS,10045,NAPOLI,Campania,Caserta,Pietravairano,SS372,10045
ANAS,1463,NAPOLI,Campania,Caserta,Gioia Sannitica,SS372,1463
ANAS,2303,NAPOLI,Campania,Benevento,Torrecuso,SS372,2303
ANAS,2290,NAPOLI,Campania,Benevento,Benevento,SS372,2290 - 2290A - 2290D
ANAS,515118,NAPOLI,Campania,Benevento,Benevento,SS372,515118A - 515118D
ANAS,900054,NAPOLI,Campania,Avellino,Sant'Angelo dei Lombardi,SS400,900054
ANAS,1811,NAPOLI,Campania,Avellino,Rocca San Felice,SS425,1811
ANAS,15028,NAPOLI,Campania,Salerno,Santa Marina,SS517VAR,15028
ANAS,900050,NAPOLI,Campania,Salerno,Caselle in Pittari,SS517VAR,900050
ANAS,1705,NAPOLI,Campania,Salerno,Sanza,SS517VAR,1705
ANAS,15005,NAPOLI,Campania,Caserta,Mignano Monte Lungo,SS6,15005
ANAS,96,NAPOLI,Campania,Caserta,Teano,SS6,96
ANAS,900051,NAPOLI,Campania,Salerno,Contursi Terme,SS691,900051
ANAS,15018,NAPOLI,Campania,Salerno,Valva,SS691,15018
ANAS,10069,NAPOLI,Campania,Avellino,Caposele,SS691,10069
ANAS,15002,NAPOLI,Campania,Caserta,Sessa Aurunca,SS7,15002
ANAS,104,NAPOLI,Campania,Caserta,Francolise,SS7,104
ANAS,15009,NAPOLI,Campania,Benevento,Arpaia,SS7,15009
ANAS,15008,NAPOLI,Campania,Benevento,Ceppaloni,SS7,15008
ANAS,108,NAPOLI,Campania,Benevento,Benevento,SS7,108
ANAS,2282,NAPOLI,Campania,Avellino,Venticano,SS7,2282
ANAS,3521,NAPOLI,Campania,Avellino,Pratola Serra,SS7,3521
ANAS,515134,NAPOLI,Campania,Avellino,San Potito Ultra,SS7,515134
ANAS,15015,NAPOLI,Campania,Avellino,Sorbo Serpico,SS7,15015
ANAS,111,NAPOLI,Campania,Avellino,Nusco,SS7,111
ANAS,15017,NAPOLI,Campania,Avellino,Morra De Sanctis,SS7,15017
ANAS,113,NAPOLI,Campania,Avellino,Conza della Campania,SS7,113
ANAS,15029,NAPOLI,Campania,Caserta,Caserta,SS700,15029
ANAS,106,NAPOLI,Campania,Caserta,Casapulla,SS700,106
ANAS,515120,NAPOLI,Campania,Benevento,Benevento,SS752,515120
ANAS,3398,NAPOLI,Campania,Caserta,Villa Literno,SS7BIS,3398 - 3398A - 3398D
ANAS,130,NAPOLI,Campania,Caserta,Gricignano di Aversa,SS7BIS,130
ANAS,15003,NAPOLI,Campania,Napoli,Caivano,SS7BIS,15003A - 15003D
ANAS,10008,NAPOLI,Campania,Napoli,Acerra,SS7BIS,10008 - 10008A - 10008D
ANAS,15035,NAPOLI,Campania,Napoli,Marigliano,SS7BIS,15035
ANAS,15034,NAPOLI,Campania,Napoli,Nola,SS7BIS,15034
ANAS,15011,NAPOLI,Campania,Napoli,Cimitile,SS7BIS,15011
ANAS,131,NAPOLI,Campania,Avellino,Monteforte Irpino,SS7BIS,131
ANAS,127,NAPOLI,Campania,Avellino,Avellino,SS7BIS,127
ANAS,2291,NAPOLI,Basilicata,Potenza,Pescopagano,SS7DIR-C,2291
ANAS,138,NAPOLI,Campania,Caserta,Mondragone,SS7QUATER,138 - 138D - 138A
ANAS,515117,NAPOLI,Campania,Caserta,Castel Volturno,SS7QUATER,515117A - 515117D
ANAS,515116,NAPOLI,Campania,Napoli,Giugliano in Campania,SS7QUATER,515116A - 515116D
ANAS,2293,NAPOLI,Campania,Napoli,Giugliano in Campania,SS7QUATER,2293 - 2293D - 2293A
ANAS,15004,NAPOLI,Campania,Napoli,Pozzuoli,SS7QUATER,15004D - 15004A
ANAS,2296,NAPOLI,Campania,Caserta,Presenzano,SS85,2296
ANAS,910007,NAPOLI,Campania,Benevento,Torrecuso,SS87,910007
ANAS,15006,NAPOLI,Campania,Benevento,Sassinoro,SS87,15006
ANAS,663,NAPOLI,Campania,Avellino,Mirabella Eclano,SS90,663
ANAS,664,NAPOLI,Campania,Avellino,Ariano Irpino,SS90,664
ANAS,665,NAPOLI,Campania,Avellino,Ariano Irpino,SS90,665
ANAS,3450,NAPOLI,Campania,Avellino,Montaguto,SS90,3450
ANAS,15007,NAPOLI,Campania,Benevento,Benevento,SS90BIS,15007
ANAS,667,NAPOLI,Campania,Avellino,Greci,SS90BIS,667
ANAS,15027,NAPOLI,Campania,Avellino,Flumeri,SS90DIR,15027
ANAS,3546,NAPOLI,Campania,Salerno,Campagna,SS91,3546
ANAS,15001,NAPOLI,Campania,Salerno,Contursi Terme,SS91,15001
ANAS,WIM,PALERMO,Sicilia,Catania,Sant'Agata li Battiati,RA15,WIM
ANAS,787,PALERMO,Sicilia,Messina,Reitano,SS113,787
ANAS,788,PALERMO,Sicilia,Palermo,Pollina,SS113,788
ANAS,789,PALERMO,Sicilia,Palermo,Cefalù,SS113,789
ANAS,19081,PALERMO,Sicilia,Palermo,Campofelice di Roccella,SS113,19081
ANAS,790,PALERMO,Sicilia,Palermo,Termini Imerese,SS113,790
ANAS,3116,PALERMO,Sicilia,Palermo,Santa Flavia,SS113,3116
ANAS,3118,PALERMO,Sicilia,Palermo,Palermo,SS113,3118
ANAS,3211,PALERMO,Sicilia,Palermo,Terrasini,SS113,3211
ANAS,19010,PALERMO,Sicilia,Palermo,Partinico,SS113,19010
ANAS,796,PALERMO,Sicilia,Palermo,Partinico,SS113,796
ANAS,19013,PALERMO,Sicilia,Trapani,Alcamo,SS113,19013
ANAS,797,PALERMO,Sicilia,Trapani,Calatafimi-Segesta,SS113,797
ANAS,19017,PALERMO,Sicilia,Trapani,Trapani,SS113,19017
ANAS,798,PALERMO,Sicilia,Trapani,Erice,SS113,798
ANAS,19020,PALERMO,Sicilia,Trapani,Paceco,SS115,19020
ANAS,809,PALERMO,Sicilia,Trapani,Misiliscemi,SS115,809
ANAS,810,PALERMO,Sicilia,Trapani,Petrosino,SS115,810
ANAS,3213,PALERMO,Sicilia,Trapani,Mazara del Vallo,SS115,3213
ANAS,19030,PALERMO,Sicilia,Trapani,Castelvetrano,SS115,19030
ANAS,812,PALERMO,Sicilia,Agrigento,Menfi,SS115,812
ANAS,19031,PALERMO,Sicilia,Agrigento,Sciacca,SS115,19031
ANAS,3216,PALERMO,Sicilia,Agrigento,Sciacca,SS115,3216
ANAS,19036,PALERMO,Sicilia,Agrigento,Ribera,SS115,19036
ANAS,815,PALERMO,Sicilia,Agrigento,Siculiana,SS115,815 - 815_NEW
ANAS,19048,PALERMO,Sicilia,Agrigento,Favara,SS115,19048
ANAS,817,PALERMO,Sicilia,Agrigento,Agrigento,SS115,817
ANAS,19054,PALERMO,Sicilia,Agrigento,Licata,SS115,19054
ANAS,3218,PALERMO,Sicilia,Agrigento,Licata,SS115,3218
ANAS,819,PALERMO,Sicilia,Caltanissetta,Gela,SS115,819
ANAS,820,PALERMO,Sicilia,Caltanissetta,Gela,SS115,820
ANAS,3119,PALERMO,Sicilia,Trapani,Castelvetrano,SS115DIR,3119
ANAS,19002,PALERMO,Sicilia,Trapani,Mazara del Vallo,SS115DIR-A,19002
ANAS,3120,PALERMO,Sicilia,Agrigento,Agrigento,SS115QUATER,3120
ANAS,19008,PALERMO,Sicilia,Agrigento,Agrigento,SS115QUATER,19008A - 19008D
ANAS,19053,PALERMO,Sicilia,Agrigento,Porto Empedocle,SS115TER,19053
ANAS,830,PALERMO,Sicilia,Messina,Reitano,SS117,830
ANAS,19089,PALERMO,Sicilia,Messina,Mistretta,SS117,19089
ANAS,831,PALERMO,Sicilia,Enna,Nicosia,SS117,831
ANAS,19072,PALERMO,Sicilia,Enna,Enna,SS117BIS,19072
ANAS,19071,PALERMO,Sicilia,Enna,Enna,SS117BIS,19071
ANAS,832,PALERMO,Sicilia,Enna,Enna,SS117BIS,832
ANAS,834,PALERMO,Sicilia,Enna,Piazza Armerina,SS117BIS,834
ANAS,19118,PALERMO,Sicilia,Catania,Caltagirone,SS117BIS,19118
ANAS,19039,PALERMO,Sicilia,Palermo,Misilmeri,SS118,19039
ANAS,836,PALERMO,Sicilia,Palermo,Corleone,SS118,836
ANAS,837,PALERMO,Sicilia,Palermo,Corleone,SS118,837
ANAS,19049,PALERMO,Sicilia,Palermo,Prizzi,SS118,19049
ANAS,19051,PALERMO,Sicilia,Agrigento,Santo Stefano Quisquina,SS118,19051
ANAS,19052,PALERMO,Sicilia,Agrigento,Agrigento,SS118,19052
ANAS,838,PALERMO,Sicilia,Agrigento,Agrigento,SS118,838
ANAS,839,PALERMO,Sicilia,Trapani,Alcamo,SS119,839
ANAS,840,PALERMO,Sicilia,Trapani,Partanna,SS119,840
ANAS,19027,PALERMO,Sicilia,Trapani,Santa Ninfa,SS119DIR,19027
ANAS,841,PALERMO,Sicilia,Palermo,Termini Imerese,SS120,841
ANAS,19082,PALERMO,Sicilia,Palermo,Caltavuturo,SS120,19082
ANAS,19085,PALERMO,Sicilia,Palermo,Castellana Sicula,SS120,19085
ANAS,19086,PALERMO,Sicilia,Palermo,Petralia Sottana,SS120,19086
ANAS,19087,PALERMO,Sicilia,Palermo,Petralia Soprana,SS120,19087
ANAS,842,PALERMO,Sicilia,Palermo,Geraci Siculo,SS120,842
ANAS,19076,PALERMO,Sicilia,Enna,Sperlinga,SS120,19076
ANAS,19078,PALERMO,Sicilia,Enna,Cerami,SS120,19078
ANAS,19093,PALERMO,Sicilia,Enna,Cerami,SS120,19093
ANAS,19122,PALERMO,Sicilia,Enna,Cerami,SS120,19122
ANAS,843,PALERMO,Sicilia,Enna,Troina,SS120,843
ANAS,19092,PALERMO,Sicilia,Messina,Cesarò,SS120,19092
ANAS,19074,PALERMO,Sicilia,Enna,Leonforte,SS121,19074
ANAS,849,PALERMO,Sicilia,Enna,Enna,SS121,849
ANAS,19069,PALERMO,Sicilia,Caltanissetta,Santa Caterina Villarmosa,SS121,19069
ANAS,850,PALERMO,Sicilia,Caltanissetta,Santa Caterina Villarmosa,SS121,850
ANAS,848,PALERMO,Sicilia,Caltanissetta,Santa Caterina Villarmosa,SS121,848
ANAS,19044,PALERMO,Sicilia,Caltanissetta,Vallelunga Pratameno,SS121,19044
ANAS,19043,PALERMO,Sicilia,Palermo,Alia,SS121,19043
ANAS,19084,PALERMO,Sicilia,Palermo,Roccapalumba,SS121,19084
ANAS,19042,PALERMO,Sicilia,Palermo,Roccapalumba,SS121,19042
ANAS,851,PALERMO,Sicilia,Palermo,Vicari,SS121,851
ANAS,19040,PALERMO,Sicilia,Palermo,Villafrati,SS121,19040
ANAS,852,PALERMO,Sicilia,Palermo,Misilmeri,SS121,852
ANAS,853,PALERMO,Sicilia,Agrigento,Favara,SS122,853
ANAS,19057,PALERMO,Sicilia,Agrigento,Canicattì,SS122,19057
ANAS,19056,PALERMO,Sicilia,Agrigento,Canicattì,SS122,19056
ANAS,854,PALERMO,Sicilia,Caltanissetta,Caltanissetta,SS122,854
ANAS,855,PALERMO,Sicilia,Caltanissetta,Caltanissetta,SS122,855
ANAS,19067,PALERMO,Sicilia,Enna,Enna,SS122,19067
ANAS,856,PALERMO,Sicilia,Caltanissetta,Caltanissetta,SS122BIS,856
ANAS,19063,PALERMO,Sicilia,Agrigento,Canicattì,SS122TER,19063
ANAS,857,PALERMO,Sicilia,Agrigento,Naro,SS123,857
ANAS,858,PALERMO,Sicilia,Agrigento,Campobello di Licata,SS123,858
ANAS,19090,PALERMO,Sicilia,Agrigento,Licata,SS123,19090
ANAS,3221,PALERMO,Sicilia,Palermo,Monreale,SS186,3221
ANAS,1034,PALERMO,Sicilia,Palermo,Borgetto,SS186,1034
ANAS,19026,PALERMO,Sicilia,Trapani,Erice,SS187,19026
ANAS,1035,PALERMO,Sicilia,Trapani,Valderice,SS187,1035
ANAS,3222,PALERMO,Sicilia,Trapani,Castellammare del Golfo,SS187,3222
ANAS,1037,PALERMO,Sicilia,Palermo,Balestrate,SS187,1037
ANAS,19020 OLD,PALERMO,Sicilia,Trapani,Marsala,SS188,19020_old
ANAS,1038,PALERMO,Sicilia,Trapani,Marsala,SS188,1038
ANAS,19021,PALERMO,Sicilia,Trapani,Salemi,SS188,19021
ANAS,19023,PALERMO,Sicilia,Trapani,Salemi,SS188,19023
ANAS,1039,PALERMO,Sicilia,Trapani,Partanna,SS188,1039
ANAS,19028,PALERMO,Sicilia,Agrigento,Montevago,SS188,19028
ANAS,1040,PALERMO,Sicilia,Agrigento,Sambuca di Sicilia,SS188,1040
ANAS,19037,PALERMO,Sicilia,Agrigento,Sambuca di Sicilia,SS188,19037
ANAS,19050,PALERMO,Sicilia,Palermo,Prizzi,SS188,19050
ANAS,1041,PALERMO,Sicilia,Palermo,Castronovo di Sicilia,SS188,1041
ANAS,19022,PALERMO,Sicilia,Trapani,Salemi,SS188DIR-A,19022
ANAS,1043,PALERMO,Sicilia,Trapani,Calatafimi-Segesta,SS188DIR-A,1043
ANAS,10041,PALERMO,Sicilia,Palermo,Bisacquino,SS188DIR-C,10041
ANAS,1887,PALERMO,Sicilia,Palermo,Vicari,SS189,1887
ANAS,900020,PALERMO,Sicilia,Palermo,Castronovo di Sicilia,SS189,900020
ANAS,19045,PALERMO,Sicilia,Caltanissetta,Acquaviva Platani,SS189,19045
ANAS,3219,PALERMO,Sicilia,Agrigento,Aragona,SS189,3219
ANAS,19047,PALERMO,Sicilia,Agrigento,Favara,SS189,19047
ANAS,1048,PALERMO,Sicilia,Caltanissetta,Delia,SS190,1048
ANAS,3225,PALERMO,Sicilia,Caltanissetta,Sommatino,SS190,3225
ANAS,19059,PALERMO,Sicilia,Caltanissetta,Riesi,SS190,19059
ANAS,19058,PALERMO,Sicilia,Caltanissetta,Butera,SS190,19058
ANAS,1050,PALERMO,Sicilia,Caltanissetta,Gela,SS190,1050
ANAS,19064,PALERMO,Sicilia,Enna,Pietraperzia,SS191,19064
ANAS,1052,PALERMO,Sicilia,Caltanissetta,Mazzarino,SS191,1052
ANAS,1281,PALERMO,Sicilia,Palermo,Caccamo,SS285,1281
ANAS,1280,PALERMO,Sicilia,Palermo,Termini Imerese,SS285,1280
ANAS,19088,PALERMO,Sicilia,Palermo,Pollina,SS286,19088
ANAS,1283,PALERMO,Sicilia,Palermo,Geraci Siculo,SS286,1283
ANAS,19077,PALERMO,Sicilia,Palermo,Geraci Siculo,SS286,19077
ANAS,1290,PALERMO,Sicilia,Palermo,Alimena,SS290,1290
ANAS,1291,PALERMO,Sicilia,Enna,Villarosa,SS290,1291
ANAS,1487,PALERMO,Sicilia,Agrigento,Villafranca Sicula,SS386,1487
ANAS,1526,PALERMO,Sicilia,Agrigento,Castrofilippo,SS410,1526
ANAS,1527,PALERMO,Sicilia,Agrigento,Naro,SS410,1527
ANAS,1751,PALERMO,Sicilia,Agrigento,Campobello di Licata,SS557,1751
ANAS,1756,PALERMO,Sicilia,Enna,Pietraperzia,SS560,1756
ANAS,1757,PALERMO,Sicilia,Enna,Enna,SS561,1757
ANAS,1769,PALERMO,Sicilia,Agrigento,Naro,SS576,1769
ANAS,3210,PALERMO,Sicilia,Palermo,Monreale,SS624,3210
ANAS,10042,PALERMO,Sicilia,Palermo,San Giuseppe Jato,SS624,10042
ANAS,19038,PALERMO,Sicilia,Palermo,San Cipirello,SS624,19038
ANAS,19035,PALERMO,Sicilia,Palermo,Monreale,SS624,19035
ANAS,19034,PALERMO,Sicilia,Trapani,Poggioreale,SS624,19034
ANAS,19033,PALERMO,Sicilia,Agrigento,Santa Margherita di Belice,SS624,19033
ANAS,19032,PALERMO,Sicilia,Agrigento,Santa Margherita di Belice,SS624,19032
ANAS,3223,PALERMO,Sicilia,Agrigento,Sciacca,SS624,3223
ANAS,2006,PALERMO,Sicilia,Caltanissetta,Caltanissetta,SS626,2006
ANAS,19055,PALERMO,Sicilia,Enna,Pietraperzia,SS626,19055
ANAS,3475,PALERMO,Sicilia,Caltanissetta,Riesi,SS626,3475
ANAS,3465,PALERMO,Sicilia,Caltanissetta,Butera,SS626,3465
ANAS,19061,PALERMO,Sicilia,Agrigento,Ravanusa,SS626DIR,19061
ANAS,19060,PALERMO,Sicilia,Agrigento,Naro,SS626DIR,19060
ANAS,19062,PALERMO,Sicilia,Agrigento,Agrigento,SS640,19062
ANAS,19046,PALERMO,Sicilia,Agrigento,Favara,SS640,19046D - 19046A
ANAS,19068,PALERMO,Sicilia,Agrigento,Canicattì,SS640,19068D - 19068A
ANAS,3466,PALERMO,Sicilia,Caltanissetta,Caltanissetta,SS640,3466
ANAS,19065,PALERMO,Sicilia,Caltanissetta,Caltanissetta,SS640DIR,19065
ANAS,19066,PALERMO,Sicilia,Enna,Pietraperzia,SS640DIR,19066
ANAS,3123,PALERMO,Sicilia,Palermo,Polizzi Generosa,SS643,3123
ANAS,3124,PALERMO,Sicilia,Agrigento,Campobello di Licata,SS644,3124
ANAS,20003,PERUGIA,Umbria,Perugia,Passignano sul Trasimeno,RA6,20003
ANAS,3152,PERUGIA,Umbria,Perugia,Corciano,RA6,3152 - 3152D - 3152A
ANAS,3141,PERUGIA,Umbria,Perugia,Perugia,RA6,3141 - 3141A - 3141D
ANAS,410010,PERUGIA,Umbria,Terni,Terni,SS209,410010
ANAS,410013,PERUGIA,Umbria,Perugia,Scheggino,SS209,410013
ANAS,410015,PERUGIA,Umbria,Perugia,Gubbio,SS219,410015
ANAS,20002,PERUGIA,Umbria,Perugia,Gubbio,SS219,20002
ANAS,920067,PERUGIA,Umbria,Terni,Narni,SS3,920067
ANAS,20001,PERUGIA,Umbria,Perugia,Spoleto,SS3,20001
ANAS,410002,PERUGIA,Umbria,Perugia,Foligno,SS3,410002 - 410002A - 410002D
ANAS,10018,PERUGIA,Umbria,Perugia,Foligno,SS3,10018
ANAS,920068,PERUGIA,Umbria,Perugia,Foligno,SS3,920068
ANAS,3526,PERUGIA,Umbria,Perugia,Gualdo Tadino,SS3,3526
ANAS,410014,PERUGIA,Umbria,Perugia,Costacciaro,SS3,410014
ANAS,3150,PERUGIA,Umbria,Perugia,Perugia,SS318,3150
ANAS,10019,PERUGIA,Umbria,Perugia,Gualdo Tadino,SS318,10019
ANAS,410004,PERUGIA,Umbria,Perugia,Valfabbrica,SS318VAR,410004
ANAS,410011,PERUGIA,Umbria,Perugia,Cascia,SS320,410011
ANAS,3139,PERUGIA,Umbria,Terni,San Gemini,SS3BIS,3139
ANAS,3140,PERUGIA,Umbria,Perugia,Todi,SS3BIS,3140 - 3140A - 3140D
ANAS,920060,PERUGIA,Umbria,Perugia,Todi,SS3BIS,920060 - 920060D - 920060A
ANAS,920069,PERUGIA,Umbria,Perugia,Perugia,SS3BIS,920069
ANAS,920063,PERUGIA,Umbria,Perugia,Perugia,SS3BIS,920063 - 920063D - 920063A
ANAS,920070,PERUGIA,Umbria,Perugia,Perugia,SS3BIS,920070 - 920070D - 920070A
ANAS,920071,PERUGIA,Umbria,Perugia,Perugia,SS3BIS,920071 - 920071A - 920071D
ANAS,920061,PERUGIA,Umbria,Perugia,Perugia,SS3BIS,920061 - 920061A - 920061D
ANAS,10047,PERUGIA,Umbria,Perugia,Umbertide,SS3BIS,10047 - 10047D - 10047A
ANAS,3144,PERUGIA,Umbria,Perugia,Città  di Castello,SS3BIS,3144 - 3144A - 3144D
ANAS,410001,PERUGIA,Umbria,Terni,Acquasparta,SS418,410001
ANAS,10016,PERUGIA,Umbria,Terni,Baschi,SS448,10016
ANAS,410012,PERUGIA,Umbria,Perugia,Gubbio,SS452,410012
ANAS,310002,PERUGIA,Umbria,Terni,Terni,SS675,310002D - 310002A
ANAS,310001,PERUGIA,Umbria,Terni,Narni,SS675,310001D - 310001A
ANAS,923149,PERUGIA,Umbria,Terni,Narni,SS675,3149 - 923149
ANAS,585,PERUGIA,Umbria,Perugia,Norcia,SS685,585
ANAS,3143,PERUGIA,Umbria,Perugia,Spoleto,SS685,3143
ANAS,410009,PERUGIA,Umbria,Terni,Ficulle,SS71,410009
ANAS,410008,PERUGIA,Umbria,Perugia,Città  della Pieve,SS71,410008
ANAS,410007,PERUGIA,Umbria,Perugia,Castiglione del Lago,SS71,410007
ANAS,410006,PERUGIA,Umbria,Perugia,Corciano,SS728,410006
ANAS,920072,PERUGIA,Umbria,Perugia,Perugia,SS75,920072
ANAS,584,PERUGIA,Umbria,Perugia,Assisi,SS75,584
ANAS,601,PERUGIA,Umbria,Perugia,Foligno,SS77VAR,601
ANAS,10017,PERUGIA,Umbria,Terni,Terni,SS79BIS,10017
ANAS,900053,POTENZA,Campania,Salerno,Buccino,RA5,900053
ANAS,3040,POTENZA,Basilicata,Potenza,Picerno,RA5,3040
ANAS,3039,POTENZA,Basilicata,Potenza,Potenza,RA5,3039
ANAS,732,POTENZA,Basilicata,Matera,Policoro,SS106,732
ANAS,517129,POTENZA,Basilicata,Matera,Pisticci,SS106,517129A - 517129D
ANAS,734,POTENZA,Basilicata,Matera,Bernalda,SS106,734
ANAS,990,POTENZA,Basilicata,Potenza,Acerenza,SS169,990
ANAS,10002,POTENZA,Basilicata,Potenza,Maratea,SS18,10002
ANAS,327,POTENZA,Basilicata,Potenza,Lagonegro,SS19,327
ANAS,1813,POTENZA,Campania,Avellino,Calitri,SS401,1813
ANAS,900022,POTENZA,Basilicata,Potenza,Pescopagano,SS401,900022
ANAS,3538,POTENZA,Basilicata,Potenza,Melfi,SS401DIR,3538
ANAS,1520,POTENZA,Basilicata,Potenza,Brindisi Montagna,SS407,1520
ANAS,10006,POTENZA,Basilicata,Matera,Ferrandina,SS407,10006
ANAS,3185,POTENZA,Basilicata,Matera,Pisticci,SS407,3185
ANAS,900052,POTENZA,Basilicata,Matera,Bernalda,SS407,900052
ANAS,3049,POTENZA,Basilicata,Potenza,San Paolo Albanese,SS481,3049
ANAS,3463,POTENZA,Basilicata,Potenza,Trecchina,SS585,3463
ANAS,1780,POTENZA,Basilicata,Potenza,Lagonegro,SS585,1780
ANAS,517127,POTENZA,Basilicata,Potenza,Brienza,SS598,517127
ANAS,517128,POTENZA,Basilicata,Potenza,Marsico Nuovo,SS598,517128
ANAS,10044,POTENZA,Basilicata,Potenza,Gallicchio,SS598,10044
ANAS,1841,POTENZA,Basilicata,Matera,Montalbano Jonico,SS598,1841
ANAS,3512,POTENZA,Basilicata,Potenza,Lauria,SS653,3512
ANAS,517131,POTENZA,Basilicata,Potenza,Senise,SS653,517131
ANAS,517132,POTENZA,Basilicata,Potenza,Senise,SS653,517132
ANAS,10001,POTENZA,Basilicata,Matera,Tursi,SS653,10001
ANAS,3536,POTENZA,Basilicata,Potenza,Melfi,SS655,3536
ANAS,517121,POTENZA,Basilicata,Potenza,Montemilone,SS655,517121
ANAS,517122,POTENZA,Basilicata,Potenza,Genzano di Lucania,SS655,517122
ANAS,3537,POTENZA,Basilicata,Matera,Irsina,SS655,3537
ANAS,3470,POTENZA,Basilicata,Potenza,Potenza,SS658,3470
ANAS,517143,POTENZA,Basilicata,Potenza,Filiano,SS658,517143
ANAS,3468,POTENZA,Basilicata,Potenza,Atella,SS658,3468
ANAS,517123,POTENZA,Basilicata,Potenza,Melfi,SS658,517123
ANAS,517124,POTENZA,Basilicata,Potenza,Melfi,SS658DIR,517124
ANAS,114,POTENZA,Basilicata,Potenza,Bella,SS7,114
ANAS,117,POTENZA,Basilicata,Matera,Matera,SS7,117
ANAS,3059,POTENZA,Basilicata,Matera,Matera,SS7,3059
ANAS,517130,POTENZA,Basilicata,Potenza,Senise,SS742,517130
ANAS,517133,POTENZA,Basilicata,Potenza,Noepoli,SS742DIR,517133
ANAS,517125,POTENZA,Basilicata,Potenza,Pescopagano,SS743,517125
ANAS,517126,POTENZA,Basilicata,Potenza,Muro Lucano,SS743,517126
ANAS,3388,POTENZA,Basilicata,Matera,Miglionico,SS7RACC,3388
ANAS,678,POTENZA,Basilicata,Potenza,Pignola,SS92,678
ANAS,674,POTENZA,Basilicata,Potenza,Guardia Perticara,SS92,674
ANAS,10071,POTENZA,Basilicata,Potenza,Sant'Arcangelo,SS92,10071
ANAS,681,POTENZA,Basilicata,Potenza,Rapolla,SS93,681
ANAS,3535,POTENZA,Basilicata,Potenza,Vietri di Potenza,SS94DIR,3535
ANAS,3047,POTENZA,Basilicata,Potenza,Satriano di Lucania,SS95VAR,3047
ANAS,693,POTENZA,Basilicata,Potenza,Oppido Lucano,SS96BIS,693
ANAS,3065,POTENZA,Basilicata,Matera,Matera,SS99,3065
ANAS,312006,ROMA,Lazio,Roma,Roma,A90,312006A - 312006D
ANAS,920001,ROMA,Lazio,Roma,Roma,A90,920000 - 920001
ANAS,312007,ROMA,Lazio,Roma,Roma,A90,312007A - 312007D
ANAS,312008,ROMA,Lazio,Roma,Roma,A90,312008A - 312008D
ANAS,920002,ROMA,Lazio,Roma,Roma,A90,920002
ANAS,312009,ROMA,Lazio,Roma,Roma,A90,312009D - 312009A
ANAS,312010,ROMA,Lazio,Roma,Roma,A90,312010D - 312010A
ANAS,920003,ROMA,Lazio,Roma,Roma,A90,920003
ANAS,312011,ROMA,Lazio,Roma,Roma,A90,312011A - 312011D
ANAS,920004,ROMA,Lazio,Roma,Roma,A90,920006 - 920004
ANAS,312012,ROMA,Lazio,Roma,Roma,A90,312012D - 312012A
ANAS,312013,ROMA,Lazio,Roma,Roma,A90,312013D - 312013A
ANAS,920007,ROMA,Lazio,Roma,Roma,A90,920007
ANAS,312014,ROMA,Lazio,Roma,Roma,A90,312014A - 312014D
ANAS,312015,ROMA,Lazio,Roma,Roma,A90,312015D - 312015A
ANAS,512002,ROMA,Lazio,Roma,Roma,A90,512002A - 512002D
ANAS,920011,ROMA,Lazio,Roma,Roma,A90,920011 - 920012
ANAS,920104,ROMA,Lazio,Roma,Roma,A91,920104
ANAS,412020,ROMA,Lazio,Roma,Roma,A91,412020D - 412020A
ANAS,920010,ROMA,Lazio,Roma,Roma,A91,920009 - 920010
ANAS,920103,ROMA,Lazio,Roma,Roma,A91,920103
ANAS,512001,ROMA,Lazio,Roma,Roma,A91,512001A - 512001D
ANAS,920102,ROMA,Lazio,Roma,Fiumicino,A91,920102
ANAS,920101,ROMA,Lazio,Roma,Fiumicino,A91,920101
ANAS,412022,ROMA,Lazio,Roma,Roma,SS1,412022
ANAS,2,ROMA,Lazio,Roma,Fiumicino,SS1,2
ANAS,4,ROMA,Lazio,Roma,Cerveteri,SS1,4
ANAS,6,ROMA,Lazio,Viterbo,Tarquinia,SS1,6
ANAS,412054,ROMA,Lazio,Viterbo,Montalto di Castro,SS1,412054
ANAS,8,ROMA,Lazio,Viterbo,Montalto di Castro,SS1,8
ANAS,412023,ROMA,Lazio,Roma,Roma,SS148,412023
ANAS,412024,ROMA,Lazio,Roma,Roma,SS148,412024
ANAS,412025,ROMA,Lazio,Roma,Ardea,SS148,412025A - 412025D
ANAS,412049,ROMA,Lazio,Latina,Latina,SS148,412049A - 412049D
ANAS,412052,ROMA,Lazio,Latina,Sabaudia,SS148,412052
ANAS,412044,ROMA,Lazio,Latina,Prossedi,SS156,412044
ANAS,412045,ROMA,Lazio,Latina,Sezze,SS156,412045
ANAS,3551,ROMA,Lazio,Rieti,Antrodoco,SS17,3551
ANAS,26,ROMA,Lazio,Viterbo,Tarquinia,SS1BIS,26
ANAS,27,ROMA,Lazio,Viterbo,Vetralla,SS1BIS,27
ANAS,412042,ROMA,Lazio,Roma,Roma,SS2,412042
ANAS,412013,ROMA,Lazio,Roma,Formello,SS2,412013
ANAS,412012,ROMA,Lazio,Roma,Campagnano di Roma,SS2,412012A - 412012D
ANAS,412008,ROMA,Lazio,Viterbo,Sutri,SS2,412008
ANAS,412007,ROMA,Lazio,Viterbo,Capranica,SS2,412007
ANAS,412005,ROMA,Lazio,Viterbo,Vetralla,SS2,412005
ANAS,412001,ROMA,Lazio,Viterbo,Viterbo,SS2,412001
ANAS,412002,ROMA,Lazio,Viterbo,San Lorenzo Nuovo,SS2,412002
ANAS,412003,ROMA,Lazio,Viterbo,Proceno,SS2,412003
ANAS,412036,ROMA,Lazio,Frosinone,Veroli,SS214,412036
ANAS,412035,ROMA,Lazio,Rieti,Amatrice,SS260,412035
ANAS,412018,ROMA,Lazio,Roma,Roma,SS2BIS,412018
ANAS,412016,ROMA,Lazio,Roma,Riano,SS3,412016
ANAS,412011,ROMA,Lazio,Viterbo,Civita Castellana,SS3,412011
ANAS,412010,ROMA,Lazio,Rieti,Magliano Sabina,SS3,412010
ANAS,1046,ROMA,Lazio,Roma,Roma,SS4,1046
ANAS,64,ROMA,Lazio,Rieti,Fara in Sabina,SS4,64
ANAS,412015,ROMA,Lazio,Rieti,Poggio Nativo,SS4,412015
ANAS,2350,ROMA,Lazio,Rieti,Poggio San Lorenzo,SS4,2350
ANAS,66,ROMA,Lazio,Rieti,Cittaducale,SS4,66
ANAS,67,ROMA,Lazio,Rieti,Borgo Velino,SS4,67
ANAS,10046,ROMA,Lazio,Rieti,Posta,SS4,10046
ANAS,412057,ROMA,Lazio,Rieti,Cittareale,SS4,412057
ANAS,68,ROMA,Lazio,Rieti,Amatrice,SS4,68
ANAS,412031,ROMA,Lazio,Rieti,Leonessa,SS471,412031
ANAS,412014,ROMA,Lazio,Roma,Fiano Romano,SS4DIR,412014A - 412014D
ANAS,412026,ROMA,Lazio,Roma,Guidonia Montecelio,SS5,412026
ANAS,412027,ROMA,Lazio,Roma,Tivoli,SS5,412027
ANAS,412028,ROMA,Lazio,Roma,Vicovaro,SS5,412028
ANAS,412029,ROMA,Lazio,Roma,Roviano,SS5,412029
ANAS,412030,ROMA,Lazio,Rieti,Cittaducale,SS578,412030
ANAS,412055,ROMA,Lazio,Rieti,Borgorose,SS578,412055
ANAS,412032,ROMA,Lazio,Roma,San Cesareo,SS6,412032
ANAS,412056,ROMA,Lazio,Roma,Valmontone,SS6,412056
ANAS,412034,ROMA,Lazio,Frosinone,Ferentino,SS6,412034
ANAS,412043,ROMA,Lazio,Frosinone,Ripi,SS6,412043
ANAS,412041,ROMA,Lazio,Frosinone,Villa Santa Lucia,SS6,412041
ANAS,412040,ROMA,Lazio,Frosinone,Cassino,SS630,412040
ANAS,312005,ROMA,Lazio,Viterbo,Orte,SS675,312005D - 312005A
ANAS,312004,ROMA,Lazio,Viterbo,Orte,SS675,312004D - 312004A
ANAS,10015,ROMA,Lazio,Viterbo,Soriano nel Cimino,SS675,10015 - 10015D - 10015A
ANAS,312003,ROMA,Lazio,Viterbo,Vitorchiano,SS675,312003D - 312003A
ANAS,312002,ROMA,Lazio,Viterbo,Viterbo,SS675,312002A - 312002D
ANAS,312001,ROMA,Lazio,Viterbo,Viterbo,SS675,312001A - 312001D
ANAS,412006,ROMA,Lazio,Viterbo,Vetralla,SS675,412006D - 412006A
ANAS,412037,ROMA,Lazio,Frosinone,Sora,SS690,412037
ANAS,412019,ROMA,Lazio,Roma,Civitavecchia,SS698,412019
ANAS,10013,ROMA,Lazio,Latina,Roccasecca dei Volsci,SS699,10013
ANAS,98,ROMA,Lazio,Roma,Ciampino,SS7,98 - 98D
ANAS,100,ROMA,Lazio,Roma,Velletri,SS7,100
ANAS,412048,ROMA,Lazio,Latina,Latina,SS7,412048
ANAS,412046,ROMA,Lazio,Latina,Pontinia,SS7,412046
ANAS,102,ROMA,Lazio,Latina,Monte San Biagio,SS7,102
ANAS,412004,ROMA,Lazio,Viterbo,San Lorenzo Nuovo,SS74,412004
ANAS,412038,ROMA,Lazio,Frosinone,Sant'Elia Fiumerapido,SS749,412038
ANAS,10014,ROMA,Lazio,Rieti,Contigliano,SS79,10014
ANAS,2356,ROMA,Lazio,Latina,Minturno,SS7VAR,2356
ANAS,320001,SASSARI,Sardegna,Sassari,San Teodoro,SS125,320001A - 320001D
ANAS,867,SASSARI,Sardegna,Sassari,Olbia,SS125,867
ANAS,868,SASSARI,Sardegna,Sassari,Olbia,SS125,868
ANAS,877,SASSARI,Sardegna,Sassari,Telti,SS127,877
ANAS,878,SASSARI,Sardegna,Sassari,Bortigiadas,SS127,878
ANAS,879,SASSARI,Sardegna,Sassari,Martis,SS127,879
ANAS,881,SASSARI,Sardegna,Sassari,Sassari,SS127,881
ANAS,882,SASSARI,Sardegna,Sassari,Sassari,SS127BIS,882
ANAS,890,SASSARI,Sardegna,Sassari,Anela,SS128BIS,890
ANAS,891,SASSARI,Sardegna,Sassari,Ozieri,SS128BIS,891
ANAS,911,SASSARI,Sardegna,Sassari,Bonorva,SS131,911 - 911A - 911D
ANAS,912,SASSARI,Sardegna,Sassari,Torralba,SS131,912 - 912A - 912D
ANAS,913,SASSARI,Sardegna,Sassari,Codrongianos,SS131,913
ANAS,900011,SASSARI,Sardegna,Sassari,Sassari,SS131,900011 - 900011A - 900011D
ANAS,914,SASSARI,Sardegna,Sassari,Sassari,SS131,914 - 914A - 914D
ANAS,916,SASSARI,Sardegna,Sassari,Ittiri,SS131BIS,916
ANAS,900003,SASSARI,Sardegna,Nuoro,Nuoro,SS131DIR-CENTR,900003 - 900003A - 900003D
ANAS,903518,SASSARI,Sardegna,Nuoro,Siniscola,SS131DIR-CENTR,903518 - 903518A - 903518D
ANAS,320002,SASSARI,Sardegna,Nuoro,Posada,SS131DIR-CENTR,320002A - 320002D
ANAS,3518,SASSARI,Sardegna,Sassari,Olbia,SS131DIR-CENTR,3518 - 3518D - 3518A
ANAS,917,SASSARI,Sardegna,Sassari,Ozieri,SS132,917
ANAS,918,SASSARI,Sardegna,Sassari,Luogosanto,SS133,918
ANAS,919,SASSARI,Sardegna,Sassari,Santa Teresa Gallura,SS133BIS,919
ANAS,920,SASSARI,Sardegna,Sassari,Castelsardo,SS134,920
ANAS,1076,SASSARI,Sardegna,Sassari,Sennori,SS200,1076
ANAS,1077,SASSARI,Sardegna,Sassari,Castelsardo,SS200,1077
ANAS,1293,SASSARI,Sardegna,Sassari,Sassari,SS291,1293
ANAS,1292,SASSARI,Sardegna,Sassari,Sassari,SS291VAR,1292
ANAS,1294,SASSARI,Sardegna,Sassari,Villanova Monteleone,SS292,1294
ANAS,1298,SASSARI,Sardegna,Sassari,Pozzomaggiore,SS292DIR,1298
ANAS,1494,SASSARI,Sardegna,Nuoro,Nuoro,SS389,1494
ANAS,1496,SASSARI,Sardegna,Sassari,Buddusò,SS389DIR-A,1496
ANAS,1500,SASSARI,Sardegna,Sassari,Oschiri,SS392,1500
ANAS,1552,SASSARI,Sardegna,Sassari,Sant'Antonio di Gallura,SS427,1552
ANAS,1885,SASSARI,Sardegna,Sassari,Codrongianos,SS597,1885
ANAS,1886,SASSARI,Sardegna,Sassari,Ozieri,SS597,1886
ANAS,10065,SASSARI,Sardegna,Sassari,Berchidda,SS597,10065
ANAS,520004,SASSARI,Sardegna,Sassari,Oschiri,SS729,520004A - 520004D
ANAS,1075,SASSARI,Sardegna,Sassari,Olbia,SS729,1075
ANAS,900008,SASSARI,Sardegna,Sassari,Olbia,SS729,900008
ANAS,10039,TORINO,Piemonte,Biella,Cerrione,NSA12,10039
ANAS,501044,TORINO,Piemonte,Torino,Torino,RA10,501044D - 501044A
ANAS,2275,TORINO,Piemonte,Torino,Borgaro Torinese,RA10,2275
ANAS,501045,TORINO,Piemonte,Torino,Caselle Torinese,RA10,501045D - 501045A
ANAS,501043,TORINO,Piemonte,Torino,Chieri,SS10,501043
ANAS,501029,TORINO,Piemonte,Torino,Carmagnola,SS20,501029
ANAS,501028,TORINO,Piemonte,Cuneo,Fossano,SS20,501028
ANAS,2201,TORINO,Piemonte,Cuneo,Vernante,SS20,2201
ANAS,3505,TORINO,Piemonte,Cuneo,Roccasparvera,SS21,3505
ANAS,348,TORINO,Piemonte,Cuneo,Vinadio,SS21,348
ANAS,2202,TORINO,Piemonte,Cuneo,Argentera,SS21,2202
ANAS,501022,TORINO,Piemonte,Asti,Asti,SS231,501022A - 501022D
ANAS,2214,TORINO,Piemonte,Asti,Isola d'Asti,SS231,2214
ANAS,1144,TORINO,Piemonte,Cuneo,Magliano Alfieri,SS231,1144
ANAS,2215,TORINO,Piemonte,Cuneo,Alba,SS231,2215
ANAS,2216,TORINO,Piemonte,Cuneo,Fossano,SS231,2216
ANAS,1147,TORINO,Piemonte,Cuneo,Fossano,SS231,1147
ANAS,501019,TORINO,Piemonte,Torino,Exilles,SS24,501019
ANAS,2234,TORINO,Piemonte,Torino,Oulx,SS24,2234
ANAS,2206,TORINO,Piemonte,Torino,Buttigliera Alta,SS25,2206
ANAS,363,TORINO,Piemonte,Torino,Sant'Ambrogio di Torino,SS25,363
ANAS,2235,TORINO,Piemonte,Torino,Villar Focchiardo,SS25,2235
ANAS,365,TORINO,Piemonte,Torino,Giaglione,SS25,365
ANAS,366,TORINO,Piemonte,Torino,Venaus,SS25,366
ANAS,2236,TORINO,Piemonte,Torino,Romano Canavese,SS26,2236
ANAS,2237,TORINO,Piemonte,Torino,Settimo Vittone,SS26,2237
ANAS,376,TORINO,Piemonte,Cuneo,Magliano Alpi,SS28,376
ANAS,2238,TORINO,Piemonte,Cuneo,Lesegno,SS28,2238
ANAS,2239,TORINO,Piemonte,Cuneo,Nucetto,SS28,2239
ANAS,501026,TORINO,Piemonte,Novara,Pombia,SS32,501026
ANAS,2210,TORINO,Piemonte,Novara,Castelletto sopra Ticino,SS33,2210
ANAS,400,TORINO,Piemonte,Novara,Meina,SS33,400
ANAS,2247,TORINO,Piemonte,Verbano-Cusio-Ossola,Mergozzo,SS33,2247
ANAS,2211,TORINO,Piemonte,Verbano-Cusio-Ossola,Domodossola,SS33,2211
ANAS,10032,TORINO,Piemonte,Verbano-Cusio-Ossola,Masera,SS33,10032
ANAS,501018,TORINO,Piemonte,Torino,Oulx,SS335,501018
ANAS,3552,TORINO,Piemonte,Novara,Varallo Pombia,SS336,3552
ANAS,1387,TORINO,Piemonte,Verbano-Cusio-Ossola,Santa Maria Maggiore,SS337,1387
ANAS,1386,TORINO,Piemonte,Verbano-Cusio-Ossola,Re,SS337,1386
ANAS,404,TORINO,Piemonte,Verbano-Cusio-Ossola,Verbania,SS34,404
ANAS,405,TORINO,Piemonte,Verbano-Cusio-Ossola,Cannobio,SS34,405
ANAS,501030,TORINO,Piemonte,Torino,Moncalieri,SS393,501030
ANAS,501031,TORINO,Piemonte,Torino,Cumiana,SS589,501031
ANAS,3553,TORINO,Piemonte,Verbano-Cusio-Ossola,Crevoladossola,SS659,3553
ANAS,3554,TORINO,Piemonte,Verbano-Cusio-Ossola,Premia,SS659,3554
ANAS,501021,TORINO,Piemonte,Cuneo,Bra,SS702,501021A - 501021D
ANAS,501025,TORINO,Piemonte,Novara,Cameri,SS703,501025A - 501025D
ANAS,501024,TORINO,Piemonte,Novara,Novara,SS703,501024A - 501024D
ANAS,501020,TORINO,Piemonte,Cuneo,Mondovì,SS704,501020
ANAS,501023,TORINO,Piemonte,Asti,Asti,SS706,501023A - 501023D
ANAS,920045,TRIESTE,Friuli Venezia Giulia,Trieste,Trieste,A0,920045 - 920046
ANAS,920042,TRIESTE,Friuli Venezia Giulia,Trieste,Muggia,A0,920043 - 920042
ANAS,920044,TRIESTE,Friuli Venezia Giulia,Trieste,Muggia,A0,920044 - 920044A - 920044D
ANAS,920022,TRIESTE,Friuli Venezia Giulia,Trieste,Duino Aurisina,RA13,920022 - 920023
ANAS,920024,TRIESTE,Friuli Venezia Giulia,Trieste,Trieste,RA13,920024
ANAS,920025,TRIESTE,Friuli Venezia Giulia,Trieste,Trieste,RA13,920025
ANAS,920026,TRIESTE,Friuli Venezia Giulia,Trieste,Trieste,RA13,920026
ANAS,920027,TRIESTE,Friuli Venezia Giulia,Trieste,Trieste,RA14,920027
ANAS,920028,TRIESTE,Friuli Venezia Giulia,Udine,Tarvisio,SS13,920028
ANAS,920029,TRIESTE,Friuli Venezia Giulia,Udine,Tarvisio,SS13,920029
ANAS,920030,TRIESTE,Friuli Venezia Giulia,Trieste,Trieste,SS14,920030
ANAS,920034,TRIESTE,Friuli Venezia Giulia,Trieste,Trieste,SS202,920034 - 920034A - 920034D
ANAS,920035,TRIESTE,Friuli Venezia Giulia,Trieste,San Dorligo della Valle,SS202,920035
ANAS,920039,TRIESTE,Friuli Venezia Giulia,Udine,Arta Terme,SS52BIS,920039
ANAS,920031,TRIESTE,Friuli Venezia Giulia,Udine,Paluzza,SS52BIS,920031
ANAS,920040,TRIESTE,Friuli Venezia Giulia,Udine,Remanzacco,SS54,920040
ANAS,920032,TRIESTE,Friuli Venezia Giulia,Udine,Cividale del Friuli,SS54,920032
ANAS,920037,TRIESTE,Friuli Venezia Giulia,Udine,Tarvisio,SS54,920037
ANAS,920038,TRIESTE,Friuli Venezia Giulia,Udine,Tarvisio,SS54,920038
ANAS,920033,TRIESTE,Friuli Venezia Giulia,Gorizia,Savogna d'Isonzo,SS55,920033
ANAS,15101,UFF. SP. COSENZA,Campania,Salerno,Fisciano,A2,15101D - 15101A
ANAS,671,UFF. SP. COSENZA,Campania,Salerno,Baronissi,A2,671
ANAS,671_NEW,UFF. SP. COSENZA,Campania,Salerno,Pellezzano,A2,671D - 671A
ANAS,900012,UFF. SP. COSENZA,Campania,Salerno,Salerno,A2,900012
ANAS,900012_NEW,UFF. SP. COSENZA,Campania,Salerno,Salerno,A2,900012_NEW
ANAS,1888_NEW,UFF. SP. COSENZA,Campania,Salerno,Pontecagnano Faiano,A2,1888A - 1888D
ANAS,1888,UFF. SP. COSENZA,Campania,Salerno,Montecorvino Pugliano,A2,1888
ANAS,15104,UFF. SP. COSENZA,Campania,Salerno,Battipaglia,A2,15104A - 15104D
ANAS,1889,UFF. SP. COSENZA,Campania,Salerno,Campagna,A2,1889
ANAS,1889_NEW,UFF. SP. COSENZA,Campania,Salerno,Campagna,A2,1889D - 1889A
ANAS,1890_NEW,UFF. SP. COSENZA,Campania,Salerno,Sicignano degli Alburni,A2,1890A - 1890D
ANAS,1890,UFF. SP. COSENZA,Campania,Salerno,Sicignano degli Alburni,A2,1890
ANAS,1891,UFF. SP. COSENZA,Campania,Salerno,Atena Lucana,A2,1891
ANAS,15026,UFF. SP. COSENZA,Campania,Salerno,Casalbuono,A2,15026
ANAS,901002_NEW,UFF. SP. COSENZA,Basilicata,Potenza,Rivello,A2,901002A - 901002D
ANAS,901002,UFF. SP. COSENZA,Basilicata,Potenza,Nemoli,A2,901002
ANAS,15105,UFF. SP. COSENZA,Calabria,Cosenza,Mormanno,A2,15105A - 15105D
ANAS,18004,UFF. SP. COSENZA,Calabria,Cosenza,Morano Calabro,A2,18004D - 18004A
ANAS,18014,UFF. SP. COSENZA,Calabria,Cosenza,Saracena,A2,18014A - 18014D
ANAS,1893,UFF. SP. COSENZA,Calabria,Cosenza,Saracena,A2,1893
ANAS,1893_NEW,UFF. SP. COSENZA,Calabria,Cosenza,Altomonte,A2,1893D - 1893A
ANAS,18013,UFF. SP. COSENZA,Calabria,Cosenza,Torano Castello,A2,18013D - 18013A
ANAS,1894_NEW,UFF. SP. COSENZA,Calabria,Cosenza,Montalto Uffugo,A2,1894A - 1894D
ANAS,1894,UFF. SP. COSENZA,Calabria,Cosenza,Montalto Uffugo,A2,1894
ANAS,18016,UFF. SP. COSENZA,Calabria,Cosenza,Dipignano,A2,18016A - 18016D - 18016D_NEW
ANAS,901001,UFF. SP. COSENZA,Calabria,Cosenza,Grimaldi,A2,901001
ANAS,901001_NEW,UFF. SP. COSENZA,Calabria,Catanzaro,Martirano,A2,901001A - 901001D
ANAS,1895,UFF. SP. COSENZA,Calabria,Catanzaro,Falerna,A2,1895
ANAS,1895_NEW,UFF. SP. COSENZA,Calabria,Catanzaro,Falerna,A2,1895D - 1895A
ANAS,18003,UFF. SP. COSENZA,Calabria,Vibo Valentia,Francavilla Angitola,A2,18003D - 18003A
ANAS,15107,UFF. SP. COSENZA,Calabria,Vibo Valentia,Stefanaconi,A2,15107A - 15107D
ANAS,1896_NEW,UFF. SP. COSENZA,Calabria,Vibo Valentia,Mileto,A2,1896A - 1896D
ANAS,1896,UFF. SP. COSENZA,Calabria,Reggio di Calabria,Rosarno,A2,1896
ANAS,3033,UFF. SP. COSENZA,Calabria,Reggio di Calabria,Rosarno,A2,3033
ANAS,3033_NEW,UFF. SP. COSENZA,Calabria,Reggio di Calabria,Gioia Tauro,A2,3033D - 3033A
ANAS,1897,UFF. SP. COSENZA,Calabria,Reggio di Calabria,Palmi,A2,1897
ANAS,1897_NEW,UFF. SP. COSENZA,Calabria,Reggio di Calabria,Palmi,A2,1897A - 1897D
ANAS,15108,UFF. SP. COSENZA,Calabria,Reggio di Calabria,Villa San Giovanni,A2,15108A - 15108D
ANAS,15102,UFF. SP. COSENZA,Campania,Salerno,Salerno,A2DIR-NA,15102A - 15102D
ANAS,1898_NEW,UFF. SP. COSENZA,Calabria,Reggio di Calabria,Reggio di Calabria,A2DIR-RC,1898A - 1898D
ANAS,1898,UFF. SP. COSENZA,Calabria,Reggio di Calabria,Reggio di Calabria,A2DIR-RC,1898
ANAS,180322,UFF. SP. COSENZA,Calabria,Reggio di Calabria,Villa San Giovanni,SS738,180322
ANAS,920017,UFF. SP. COSENZA,Calabria,Reggio di Calabria,Reggio di Calabria,SS740,920017
ANAS,10040,VENEZIA,Veneto,Belluno,Ospitale di Cadore,NSA215,10040
ANAS,950040_NEW,VENEZIA,Veneto,Verona,Sant'Ambrogio di Valpolicella,SS12,950040_NEW
ANAS,950040,VENEZIA,Veneto,Verona,Sant'Ambrogio di Valpolicella,SS12,950040
ANAS,197,VENEZIA,Veneto,Verona,Dolcè,SS12,197
ANAS,3189,VENEZIA,Veneto,Verona,Isola della Scala,SS12VAR,3189
ANAS,208,VENEZIA,Veneto,Treviso,Preganziol,SS13,208
ANAS,209,VENEZIA,Veneto,Treviso,Susegana,SS13,209
ANAS,920074,VENEZIA,Veneto,Treviso,Cordignano,SS13,920074
ANAS,3191,VENEZIA,Veneto,Venezia,Venezia,SS14,3191
ANAS,218,VENEZIA,Veneto,Venezia,Musile di Piave,SS14,218
ANAS,219,VENEZIA,Veneto,Venezia,Ceggia,SS14,219
ANAS,3192,VENEZIA,Veneto,Venezia,Fossalta di Portogruaro,SS14,3192
ANAS,505071,VENEZIA,Veneto,Venezia,Portogruaro,SS14VAR,505071
ANAS,505069,VENEZIA,Veneto,Venezia,Musile di Piave,SS14VAR-A,505069
ANAS,505070,VENEZIA,Veneto,Venezia,San Donà  di Piave,SS14VAR-B,505070
ANAS,230,VENEZIA,Veneto,Padova,Due Carrare,SS16,230
ANAS,231,VENEZIA,Veneto,Padova,Stanghella,SS16,231
ANAS,505056,VENEZIA,Veneto,Rovigo,Rovigo,SS16,505056A - 505056D
ANAS,233,VENEZIA,Veneto,Rovigo,Occhiobello,SS16,233
ANAS,1332,VENEZIA,Veneto,Rovigo,Porto Viro,SS309,1332
ANAS,1333,VENEZIA,Veneto,Venezia,Chioggia,SS309,1333
ANAS,1334,VENEZIA,Veneto,Venezia,Campagna Lupia,SS309,1334
ANAS,1563_NEW,VENEZIA,Veneto,Verona,San Giovanni Lupatoto,SS434,1563A - 1563D
ANAS,1563,VENEZIA,Veneto,Verona,San Giovanni Lupatoto,SS434,1563
ANAS,3186,VENEZIA,Veneto,Verona,Isola Rizza,SS434,3186 - 3186D
ANAS,3476_NEW,VENEZIA,Veneto,Rovigo,San Bellino,SS434,3476D - 3476A
ANAS,3476,VENEZIA,Veneto,Rovigo,San Bellino,SS434,3476
ANAS,462,VENEZIA,Veneto,Vicenza,Rosà,SS47,462
ANAS,605001,VENEZIA,Veneto,Vicenza,Cassola,SS47,605001A - 605001D
ANAS,464,VENEZIA,Veneto,Vicenza,Valbrenta,SS47,464 - 464A - 464D
ANAS,480,VENEZIA,Veneto,Belluno,Belluno,SS50,480
ANAS,481,VENEZIA,Veneto,Belluno,Sedico,SS50,481
ANAS,2404,VENEZIA,Veneto,Belluno,Arsiè,SS50BIS-VAR,2404
ANAS,482,VENEZIA,Veneto,Belluno,Seren del Grappa,SS50BIS-VAR,482
ANAS,486,VENEZIA,Veneto,Treviso,Conegliano,SS51,486
ANAS,487,VENEZIA,Veneto,Treviso,Vittorio Veneto,SS51,487
ANAS,489,VENEZIA,Veneto,Belluno,Ponte nelle Alpi,SS51,489
ANAS,490,VENEZIA,Veneto,Belluno,Longarone,SS51,490
ANAS,491,VENEZIA,Veneto,Belluno,Valle di Cadore,SS51,491
ANAS,492,VENEZIA,Veneto,Belluno,Cortina d'Ampezzo,SS51,492
ANAS,920075,VENEZIA,Veneto,Belluno,Cortina d'Ampezzo,SS51,920075
ANAS,1703,VENEZIA,Veneto,Padova,Piove di Sacco,SS516,1703
ANAS,505067,VENEZIA,Veneto,Venezia,Campolongo Maggiore,SS516DIR,505067
ANAS,494,VENEZIA,Veneto,Belluno,Lozzo di Cadore,SS51BIS,494
ANAS,920076,VENEZIA,Veneto,Belluno,Lorenzago di Cadore,SS52,920076
ANAS,3193,VENEZIA,Veneto,Belluno,Auronzo di Cadore,SS52,3193
ANAS,498,VENEZIA,Veneto,Belluno,Santo Stefano di Cadore,SS52,498
ANAS,499,VENEZIA,Veneto,Belluno,Comelico Superiore,SS52,499
ANAS,503,VENEZIA,Veneto,Padova,Carmignano di Brenta,SS53,503
